Id,AssessmentTaskDefinitionId,AssessmentTaskDefinition.Name,AssessmentIndDefinitionId,AssessmentIndDefinition.Name,CreatedBy.Name,$$AssessmentTaskDefinition.Name$AssessmentIndDefinition.Name,AssessmentIndDefinition.$$Name$Category__c
0dtbZ00000032LRQAY,0Z4bZ0000000I3NSAU,Construction of Food Premises,0eubZ0000000WBZQA2,Operation and maintenance of premises is in accordance with the approved floor plans and specifications.,Chandrahas Bireddy,Construction of Food Premises;Operation and maintenance of premises is in accordance with the approved floor plans and specifications.,Operation and maintenance of premises is in accordance with the approved floor plans and specifications.;Construction of Food Premises
0dtbZ00000032LSQAY,0Z4bZ0000000I3PSAU,Food Sources and Protection,0eubZ0000000WBaQAM,Food on the premises is obtained from an approved source.,Chandrahas Bireddy,Food Sources and Protection;Food on the premises is obtained from an approved source.,Food on the premises is obtained from an approved source.;Food Sources and Protection
0dtbZ00000032LTQAY,0Z4bZ0000000I3PSAU,Food Sources and Protection,0eubZ0000000WBdQAM,Food is kept in a sanitary manner and is not subject to contamination.,Chandrahas Bireddy,Food Sources and Protection;Food is kept in a sanitary manner and is not subject to contamination.,Food is kept in a sanitary manner and is not subject to contamination.;Food Sources and Protection
0dtbZ00000032LUQAY,0Z4bZ0000000I3PSAU,Food Sources and Protection,0eubZ0000000WBcQAM,"Contaminated food is not stored, displayed or offered for sale.",Chandrahas Bireddy,"Food Sources and Protection;Contaminated food is not stored, displayed or offered for sale.","Contaminated food is not stored, displayed or offered for sale.;Food Sources and Protection"
0dtbZ00000032LVQAY,0Z4bZ0000000I3PSAU,Food Sources and Protection,0eubZ0000000WBbQAM,Potentially hazardous food is cooked/processed in an approved manner.,Chandrahas Bireddy,Food Sources and Protection;Potentially hazardous food is cooked/processed in an approved manner.,Potentially hazardous food is cooked/processed in an approved manner.;Food Sources and Protection
0dtbZ00000032LWQAY,0Z4bZ0000000I3PSAU,Food Sources and Protection,0eubZ0000000WBYQA2,Potentially hazardous food is thawed and/or cooled in an approved manner.,Chandrahas Bireddy,Food Sources and Protection;Potentially hazardous food is thawed and/or cooled in an approved manner.,Potentially hazardous food is thawed and/or cooled in an approved manner.;Food Sources and Protection
0dtbZ00000032LXQAY,0Z4bZ0000000I3PSAU,Food Sources and Protection,0eubZ0000000WBXQA2,Potentially hazardous food is at a refrigerated temperature that keeps it safe to eat.,Chandrahas Bireddy,Food Sources and Protection;Potentially hazardous food is at a refrigerated temperature that keeps it safe to eat.,Potentially hazardous food is at a refrigerated temperature that keeps it safe to eat.;Food Sources and Protection
0dtbZ00000032LYQAY,0Z4bZ0000000I3PSAU,Food Sources and Protection,0eubZ0000000WBWQA2,Potentially hazardous food is at a hot holding temperature that keeps it safe to eat.,Chandrahas Bireddy,Food Sources and Protection;Potentially hazardous food is at a hot holding temperature that keeps it safe to eat.,Potentially hazardous food is at a hot holding temperature that keeps it safe to eat.;Food Sources and Protection
0dtbZ00000032LZQAY,0Z4bZ0000000I3QSAU,"Equipment, Utensils and Cleaning",0eubZ0000000WBfQAM,"The premises and equipment, utensils, and food contact surfaces are maintained in good condition and used in a manner that ensures safe and sanitary food handling.",Chandrahas Bireddy,"Equipment, Utensils and Cleaning;The premises and equipment, utensils, and food contact surfaces are maintained in good condition and used in a manner that ensures safe and sanitary food handling.","The premises and equipment, utensils, and food contact surfaces are maintained in good condition and used in a manner that ensures safe and sanitary food handling.;Equipment, Utensils and Cleaning"
0dtbZ00000032LaQAI,0Z4bZ0000000I3QSAU,"Equipment, Utensils and Cleaning",0eubZ0000000WBCQA2,"Equipment, food contact surfaces, utensils, dishes & glasses used on the premises are washed and sanitized in a manner that removes contamination.",Chandrahas Bireddy,"Equipment, Utensils and Cleaning;Equipment, food contact surfaces, utensils, dishes & glasses used on the premises are washed and sanitized in a manner that removes contamination.","Equipment, food contact surfaces, utensils, dishes & glasses used on the premises are washed and sanitized in a manner that removes contamination.;Equipment, Utensils and Cleaning"
0dtbZ00000032LbQAI,0Z4bZ0000000I3RSAU,Employee,0eubZ0000000WBDQA2,Employees maintain and demonstrate good personal hygiene.,Chandrahas Bireddy,Employee;Employees maintain and demonstrate good personal hygiene.,Employees maintain and demonstrate good personal hygiene.;Employee
0dtbZ00000032LcQAI,0Z4bZ0000000I3RSAU,Employee,0eubZ0000000WBEQA2,Operator does not permit any person suspected to suffer from a disease communicable through food to come into contact with food or food contact surfaces.,Chandrahas Bireddy,Employee;Operator does not permit any person suspected to suffer from a disease communicable through food to come into contact with food or food contact surfaces.,Operator does not permit any person suspected to suffer from a disease communicable through food to come into contact with food or food contact surfaces.;Employee
0dtbZ00000032LdQAI,0Z4bZ0000000I3RSAU,Employee,0eubZ0000000WBBQA2,Operator immediately notifies a health officer of any circumstance that exists in the food premises that may cause a health hazard.,Chandrahas Bireddy,Employee;Operator immediately notifies a health officer of any circumstance that exists in the food premises that may cause a health hazard.,Operator immediately notifies a health officer of any circumstance that exists in the food premises that may cause a health hazard.;Employee
0dtbZ00000032LeQAI,0Z4bZ0000000I3SSAU,Food Safety Management,0eubZ0000000WBFQA2,"Operator of a food premises has developed, maintained, and follows written food handling procedures to ensure that a health hazard does not occur.",Chandrahas Bireddy,"Food Safety Management;Operator of a food premises has developed, maintained, and follows written food handling procedures to ensure that a health hazard does not occur.","Operator of a food premises has developed, maintained, and follows written food handling procedures to ensure that a health hazard does not occur.;Food Safety Management"
0dtbZ00000032LfQAI,0Z4bZ0000000I3SSAU,Food Safety Management,0eubZ0000000WBGQA2,Operator of a food premises has approved written procedures to ensure the safe and sanitary operation of the establishment.,Chandrahas Bireddy,Food Safety Management;Operator of a food premises has approved written procedures to ensure the safe and sanitary operation of the establishment.,Operator of a food premises has approved written procedures to ensure the safe and sanitary operation of the establishment.;Food Safety Management
0dtbZ00000032LgQAI,0Z4bZ0000000I3TSAU,Miscellaneous,0eubZ0000000WBHQA2,Live animals are not allowed on the premises unless permitted under 25(2) of the FPR,Chandrahas Bireddy,Miscellaneous;Live animals are not allowed on the premises unless permitted under 25(2) of the FPR,Live animals are not allowed on the premises unless permitted under 25(2) of the FPR;Miscellaneous
0dtbZ00000032LhQAI,0Z4bZ0000000I3TSAU,Miscellaneous,0eubZ0000000WBIQA2,The premises is free of pests.,Chandrahas Bireddy,Miscellaneous;The premises is free of pests.,The premises is free of pests.;Miscellaneous
0dtbZ00000032LiQAI,0Z4bZ0000000I3TSAU,Miscellaneous,0eubZ0000000WBJQA2,"The premises is free of conditions that lead to harbouring, breeding and entry of pests.",Chandrahas Bireddy,"Miscellaneous;The premises is free of conditions that lead to harbouring, breeding and entry of pests.","The premises is free of conditions that lead to harbouring, breeding and entry of pests.;Miscellaneous"
0dtbZ00000032LjQAI,0Z4bZ0000000I3TSAU,Miscellaneous,0eubZ0000000WBKQA2,"Chemicals, cleansers and similar agents are kept separate from food.",Chandrahas Bireddy,"Miscellaneous;Chemicals, cleansers and similar agents are kept separate from food.","Chemicals, cleansers and similar agents are kept separate from food.;Miscellaneous"
0dtbZ00000032LkQAI,0Z4bZ0000000I3VSAU,Training,0eubZ0000000WBLQA2,The operator and/or food handler onsite holds a valid FOODSAFE Level 1 certificate or equivalent.,Chandrahas Bireddy,Training;The operator and/or food handler onsite holds a valid FOODSAFE Level 1 certificate or equivalent.,The operator and/or food handler onsite holds a valid FOODSAFE Level 1 certificate or equivalent.;Training
0dtbZ00000032LlQAI,0Z4bZ0000000I3WSAU,Previously Served Food,0eubZ0000000WBMQA2,Previously served food is not being served.,Chandrahas Bireddy,Previously Served Food;Previously served food is not being served.,Previously served food is not being served.;Previously Served Food
0dtbZ00000032LmQAI,0Z4bZ0000000I3XSAU,Temporary Food Service and Inspection Report,0eubZ0000000WBNQA2,Operation of premises is in accordance with approved specifications.,Chandrahas Bireddy,Temporary Food Service and Inspection Report;Operation of premises is in accordance with approved specifications.,Operation of premises is in accordance with approved specifications.;Temporary Food Service and Inspection Report
0dtbZ00000032LnQAI,0Z4bZ0000000I3XSAU,Temporary Food Service and Inspection Report,0eubZ0000000WBLQA2,The operator and/or food handler onsite holds a valid FOODSAFE Level 1 certificate or equivalent.,Chandrahas Bireddy,Temporary Food Service and Inspection Report;The operator and/or food handler onsite holds a valid FOODSAFE Level 1 certificate or equivalent.,The operator and/or food handler onsite holds a valid FOODSAFE Level 1 certificate or equivalent.;Training
0dtbZ00000032LoQAI,0Z4bZ0000000I3XSAU,Temporary Food Service and Inspection Report,0eubZ0000000WBPQA2,All food on the premises is obtained from an approved source.,Chandrahas Bireddy,Temporary Food Service and Inspection Report;All food on the premises is obtained from an approved source.,All food on the premises is obtained from an approved source.;Temporary Food Service and Inspection Report
0dtbZ00000032LpQAI,0Z4bZ0000000I3XSAU,Temporary Food Service and Inspection Report,0eubZ0000000WBQQA2,Food is handled in a sanitary manner and is not contaminated.,Chandrahas Bireddy,Temporary Food Service and Inspection Report;Food is handled in a sanitary manner and is not contaminated.,Food is handled in a sanitary manner and is not contaminated.;Temporary Food Service and Inspection Report
0dtbZ00000032LqQAI,0Z4bZ0000000I3XSAU,Temporary Food Service and Inspection Report,0eubZ0000000WBRQA2,Potentially hazardous food is thawed in a manner that makes it safe to eat.,Chandrahas Bireddy,Temporary Food Service and Inspection Report;Potentially hazardous food is thawed in a manner that makes it safe to eat.,Potentially hazardous food is thawed in a manner that makes it safe to eat.;Temporary Food Service and Inspection Report
0dtbZ00000032LrQAI,0Z4bZ0000000I3XSAU,Temporary Food Service and Inspection Report,0eubZ0000000WBSQA2,Potentially hazardous food (PHF) is prepared and stored in a manner that makes it safe to eat.,Chandrahas Bireddy,Temporary Food Service and Inspection Report;Potentially hazardous food (PHF) is prepared and stored in a manner that makes it safe to eat.,Potentially hazardous food (PHF) is prepared and stored in a manner that makes it safe to eat.;Temporary Food Service and Inspection Report
0dtbZ00000032LsQAI,0Z4bZ0000000I3XSAU,Temporary Food Service and Inspection Report,0eubZ0000000WBTQA2,All equipment and food contact surfaces are washed and sanitized to remove contamination.,Chandrahas Bireddy,Temporary Food Service and Inspection Report;All equipment and food contact surfaces are washed and sanitized to remove contamination.,All equipment and food contact surfaces are washed and sanitized to remove contamination.;Temporary Food Service and Inspection Report
0dtbZ00000032LtQAI,0Z4bZ0000000I3XSAU,Temporary Food Service and Inspection Report,0eubZ0000000WBUQA2,Each employee washes their hands as necessary to prevent the contamination of food.,Chandrahas Bireddy,Temporary Food Service and Inspection Report;Each employee washes their hands as necessary to prevent the contamination of food.,Each employee washes their hands as necessary to prevent the contamination of food.;Temporary Food Service and Inspection Report
0dtbZ00000032LuQAI,0Z4bZ0000000I3NSAU,Construction of Food Premises,0eubZ0000000WBqQAM,Construction or alteration has occurred without approval.,Chandrahas Bireddy,Construction of Food Premises;Construction or alteration has occurred without approval.,Construction or alteration has occurred without approval.;Construction of Food Premises
0dtbZ00000032LvQAI,0Z4bZ0000000I3NSAU,Construction of Food Premises,0eubZ0000000WBoQAM,Premises is not connected to a source of potable water.,Chandrahas Bireddy,Construction of Food Premises;Premises is not connected to a source of potable water.,Premises is not connected to a source of potable water.;Construction of Food Premises
0dtbZ00000032LwQAI,0Z4bZ0000000I3NSAU,Construction of Food Premises,0eubZ0000000WBpQAM,Premises is not connected to an approved or permitted waste-water disposal system.,Chandrahas Bireddy,Construction of Food Premises;Premises is not connected to an approved or permitted waste-water disposal system.,Premises is not connected to an approved or permitted waste-water disposal system.;Construction of Food Premises
0dtbZ00000032LxQAI,0Z4bZ0000000I3NSAU,Construction of Food Premises,0eubZ0000000WBtQAM,Premises is not separate from incompatible areas.,Chandrahas Bireddy,Construction of Food Premises;Premises is not separate from incompatible areas.,Premises is not separate from incompatible areas.;Construction of Food Premises
0dtbZ00000032LyQAI,0Z4bZ0000000I3NSAU,Construction of Food Premises,0eubZ0000000WBnQAM,Premises is not of sound construction and/or in good repair.,Chandrahas Bireddy,Construction of Food Premises;Premises is not of sound construction and/or in good repair.,Premises is not of sound construction and/or in good repair.;Construction of Food Premises
0dtbZ00000032LzQAI,0Z4bZ0000000I3NSAU,Construction of Food Premises,0eubZ0000000WBsQAM,Premises is not designed and/or supplied with equipment that will ensure the safe and sanitary handling of food.,Chandrahas Bireddy,Construction of Food Premises;Premises is not designed and/or supplied with equipment that will ensure the safe and sanitary handling of food.,Premises is not designed and/or supplied with equipment that will ensure the safe and sanitary handling of food.;Construction of Food Premises
0dtbZ00000032M0QAI,0Z4bZ0000000I3NSAU,Construction of Food Premises,0eubZ0000000WBrQAM,Inadequate lighting and/or ventilation on the premises.,Chandrahas Bireddy,Construction of Food Premises;Inadequate lighting and/or ventilation on the premises.,Inadequate lighting and/or ventilation on the premises.;Construction of Food Premises
0dtbZ00000032M1QAI,0Z4bZ0000000I3PSAU,Food Sources and Protection,0eubZ0000000WBgQAM,The operator cannot provide evidence to support that food is from an approved source.,Chandrahas Bireddy,Food Sources and Protection;The operator cannot provide evidence to support that food is from an approved source.,The operator cannot provide evidence to support that food is from an approved source.;Food Sources and Protection
0dtbZ00000032M2QAI,0Z4bZ0000000I3PSAU,Food Sources and Protection,0eubZ0000000WC6QAM,Food is not protected from customer contamination. (e.g. sneeze guards).,Chandrahas Bireddy,Food Sources and Protection;Food is not protected from customer contamination. (e.g. sneeze guards).,Food is not protected from customer contamination. (e.g. sneeze guards).;Food Sources and Protection
0dtbZ00000032M3QAI,0Z4bZ0000000I3PSAU,Food Sources and Protection,0eubZ0000000WC5QAM,Food is stored in a manner that increases risk of cross contamination.,Chandrahas Bireddy,Food Sources and Protection;Food is stored in a manner that increases risk of cross contamination.,Food is stored in a manner that increases risk of cross contamination.;Food Sources and Protection
0dtbZ00000032M4QAI,0Z4bZ0000000I3PSAU,Food Sources and Protection,0eubZ0000000WC8QAM,"Food is not protected from contamination during transportation, display, storage or preparation.",Chandrahas Bireddy,"Food Sources and Protection;Food is not protected from contamination during transportation, display, storage or preparation.","Food is not protected from contamination during transportation, display, storage or preparation.;Food Sources and Protection"
0dtbZ00000032M5QAI,0Z4bZ0000000I3PSAU,Food Sources and Protection,0eubZ0000000WC9QAM,Food is not properly covered and protected from contamination.,Chandrahas Bireddy,Food Sources and Protection;Food is not properly covered and protected from contamination.,Food is not properly covered and protected from contamination.;Food Sources and Protection
0dtbZ00000032M6QAI,0Z4bZ0000000I3PSAU,Food Sources and Protection,0eubZ0000000WCAQA2,Food is in contact with un-sanitized surfaces or utensils.,Chandrahas Bireddy,Food Sources and Protection;Food is in contact with un-sanitized surfaces or utensils.,Food is in contact with un-sanitized surfaces or utensils.;Food Sources and Protection
0dtbZ00000032M7QAI,0Z4bZ0000000I3PSAU,Food Sources and Protection,0eubZ0000000WC7QAM,Food is in contact with corrosive or toxic materials.,Chandrahas Bireddy,Food Sources and Protection;Food is in contact with corrosive or toxic materials.,Food is in contact with corrosive or toxic materials.;Food Sources and Protection
0dtbZ00000032M8QAI,0Z4bZ0000000I3PSAU,Food Sources and Protection,0eubZ0000000WC2QAM,Canned goods are in unsatisfactory condition.,Chandrahas Bireddy,Food Sources and Protection;Canned goods are in unsatisfactory condition.,Canned goods are in unsatisfactory condition.;Food Sources and Protection
0dtbZ00000032M9QAI,0Z4bZ0000000I3PSAU,Food Sources and Protection,0eubZ0000000WC4QAM,Unpasteurized milk or milk products on the premises.,Chandrahas Bireddy,Food Sources and Protection;Unpasteurized milk or milk products on the premises.,Unpasteurized milk or milk products on the premises.;Food Sources and Protection
0dtbZ00000032MAQAY,0Z4bZ0000000I3PSAU,Food Sources and Protection,0eubZ0000000WC3QAM,Food is unfit for human consumption.,Chandrahas Bireddy,Food Sources and Protection;Food is unfit for human consumption.,Food is unfit for human consumption.;Food Sources and Protection
0dtbZ00000032MBQAY,0Z4bZ0000000I3PSAU,Food Sources and Protection,0eubZ0000000WC1QAM,Eggs are cracked or unclean.,Chandrahas Bireddy,Food Sources and Protection;Eggs are cracked or unclean.,Eggs are cracked or unclean.;Food Sources and Protection
0dtbZ00000032MCQAY,0Z4bZ0000000I3PSAU,Food Sources and Protection,0eubZ0000000WC0QAM,Water or ice is from a contaminated source.,Chandrahas Bireddy,Food Sources and Protection;Water or ice is from a contaminated source.,Water or ice is from a contaminated source.;Food Sources and Protection
0dtbZ00000032MDQAY,0Z4bZ0000000I3PSAU,Food Sources and Protection,0eubZ0000000WByQAM,Potentially hazardous food is not cooked thoroughly and to appropriate internal temperature.,Chandrahas Bireddy,Food Sources and Protection;Potentially hazardous food is not cooked thoroughly and to appropriate internal temperature.,Potentially hazardous food is not cooked thoroughly and to appropriate internal temperature.;Food Sources and Protection
0dtbZ00000032MEQAY,0Z4bZ0000000I3PSAU,Food Sources and Protection,0eubZ0000000WBwQAM,Inadequate acidification of food.,Chandrahas Bireddy,Food Sources and Protection;Inadequate acidification of food.,Inadequate acidification of food.;Food Sources and Protection
0dtbZ00000032MFQAY,0Z4bZ0000000I3PSAU,Food Sources and Protection,0eubZ0000000WBvQAM,Improper fermentation of food.,Chandrahas Bireddy,Food Sources and Protection;Improper fermentation of food.,Improper fermentation of food.;Food Sources and Protection
0dtbZ00000032MGQAY,0Z4bZ0000000I3PSAU,Food Sources and Protection,0eubZ0000000WBuQAM,Improper curing/smoking of food.,Chandrahas Bireddy,Food Sources and Protection;Improper curing/smoking of food.,Improper curing/smoking of food.;Food Sources and Protection
0dtbZ00000032MHQAY,0Z4bZ0000000I3PSAU,Food Sources and Protection,0eubZ0000000WBxQAM,Improper canning of food.,Chandrahas Bireddy,Food Sources and Protection;Improper canning of food.,Improper canning of food.;Food Sources and Protection
0dtbZ00000032MIQAY,0Z4bZ0000000I3PSAU,Food Sources and Protection,0eubZ0000000WBzQAM,Potentially hazardous food is not reheated rapidly to 74°C.,Chandrahas Bireddy,Food Sources and Protection;Potentially hazardous food is not reheated rapidly to 74°C.,Potentially hazardous food is not reheated rapidly to 74°C.;Food Sources and Protection
0dtbZ00000032MJQAY,0Z4bZ0000000I3PSAU,Food Sources and Protection,0eubZ0000000WBmQAM,Potentially hazardous food is not thawed using appropriate equipment and/or approved methods.,Chandrahas Bireddy,Food Sources and Protection;Potentially hazardous food is not thawed using appropriate equipment and/or approved methods.,Potentially hazardous food is not thawed using appropriate equipment and/or approved methods.;Food Sources and Protection
0dtbZ00000032MKQAY,0Z4bZ0000000I3PSAU,Food Sources and Protection,0eubZ0000000WBkQAM,"Frozen food is not stored, displayed or transported at a temperature of -18°C or below.",Chandrahas Bireddy,"Food Sources and Protection;Frozen food is not stored, displayed or transported at a temperature of -18°C or below.","Frozen food is not stored, displayed or transported at a temperature of -18°C or below.;Food Sources and Protection"
0dtbZ00000032MLQAY,0Z4bZ0000000I3PSAU,Food Sources and Protection,0eubZ0000000WBlQAM,"Potentially hazardous food is not stored, displayed or transported at a temperature of 4°C or below.",Chandrahas Bireddy,"Food Sources and Protection;Potentially hazardous food is not stored, displayed or transported at a temperature of 4°C or below.","Potentially hazardous food is not stored, displayed or transported at a temperature of 4°C or below.;Food Sources and Protection"
0dtbZ00000032MMQAY,0Z4bZ0000000I3PSAU,Food Sources and Protection,0eubZ0000000WBjQAM,Potentially hazardous food is not stored or displayed at 60°C or above.,Chandrahas Bireddy,Food Sources and Protection;Potentially hazardous food is not stored or displayed at 60°C or above.,Potentially hazardous food is not stored or displayed at 60°C or above.;Food Sources and Protection
0dtbZ00000032MNQAY,0Z4bZ0000000I3PSAU,Food Sources and Protection,0eubZ0000000WBiQAM,Hot holding equipment is not of the type or capacity to meet the needs of the premises.,Chandrahas Bireddy,Food Sources and Protection;Hot holding equipment is not of the type or capacity to meet the needs of the premises.,Hot holding equipment is not of the type or capacity to meet the needs of the premises.;Food Sources and Protection
0dtbZ00000032MOQAY,0Z4bZ0000000I3QSAU,"Equipment, Utensils and Cleaning",0eubZ0000000WCFQA2,The premises is not maintained in a sanitary condition.,Chandrahas Bireddy,"Equipment, Utensils and Cleaning;The premises is not maintained in a sanitary condition.","The premises is not maintained in a sanitary condition.;Equipment, Utensils and Cleaning"
0dtbZ00000032MPQAY,0Z4bZ0000000I3QSAU,"Equipment, Utensils and Cleaning",0eubZ0000000WCEQA2,"Equipment, utensils and/or food contact surfaces are not maintained/used in a manner that ensures safe and sanitary food handling.",Chandrahas Bireddy,"Equipment, Utensils and Cleaning;Equipment, utensils and/or food contact surfaces are not maintained/used in a manner that ensures safe and sanitary food handling.","Equipment, utensils and/or food contact surfaces are not maintained/used in a manner that ensures safe and sanitary food handling.;Equipment, Utensils and Cleaning"
0dtbZ00000032MQQAY,0Z4bZ0000000I3QSAU,"Equipment, Utensils and Cleaning",0eubZ0000000WCGQA2,Equipment or materials not required for the operation are stored on the premises.,Chandrahas Bireddy,"Equipment, Utensils and Cleaning;Equipment or materials not required for the operation are stored on the premises.","Equipment or materials not required for the operation are stored on the premises.;Equipment, Utensils and Cleaning"
0dtbZ00000032MRQAY,0Z4bZ0000000I3QSAU,"Equipment, Utensils and Cleaning",0eubZ0000000WCIQA2,"Equipment, utensils, and/or food contact surfaces are not maintained or stored in a manner that prevents contamination.",Chandrahas Bireddy,"Equipment, Utensils and Cleaning;Equipment, utensils, and/or food contact surfaces are not maintained or stored in a manner that prevents contamination.","Equipment, utensils, and/or food contact surfaces are not maintained or stored in a manner that prevents contamination.;Equipment, Utensils and Cleaning"
0dtbZ00000032MSQAY,0Z4bZ0000000I3QSAU,"Equipment, Utensils and Cleaning",0eubZ0000000WCJQA2,Sanitizing solution concentration is too high.,Chandrahas Bireddy,"Equipment, Utensils and Cleaning;Sanitizing solution concentration is too high.","Sanitizing solution concentration is too high.;Equipment, Utensils and Cleaning"
0dtbZ00000032MTQAY,0Z4bZ0000000I3QSAU,"Equipment, Utensils and Cleaning",0eubZ0000000WCKQA2,Sanitizing solution concentration is too low.,Chandrahas Bireddy,"Equipment, Utensils and Cleaning;Sanitizing solution concentration is too low.","Sanitizing solution concentration is too low.;Equipment, Utensils and Cleaning"
0dtbZ00000032MUQAY,0Z4bZ0000000I3QSAU,"Equipment, Utensils and Cleaning",0eubZ0000000WCLQA2,Sanitizing solution is not present or at an improper concentration.,Chandrahas Bireddy,"Equipment, Utensils and Cleaning;Sanitizing solution is not present or at an improper concentration.","Sanitizing solution is not present or at an improper concentration.;Equipment, Utensils and Cleaning"
0dtbZ00000032MVQAY,0Z4bZ0000000I3QSAU,"Equipment, Utensils and Cleaning",0eubZ0000000WCMQA2,"Wiping cloths are not cleaned, restricted in use and/or stored in approved sanitizing solutions between uses.",Chandrahas Bireddy,"Equipment, Utensils and Cleaning;Wiping cloths are not cleaned, restricted in use and/or stored in approved sanitizing solutions between uses.","Wiping cloths are not cleaned, restricted in use and/or stored in approved sanitizing solutions between uses.;Equipment, Utensils and Cleaning"
0dtbZ00000032MWQAY,0Z4bZ0000000I3QSAU,"Equipment, Utensils and Cleaning",0eubZ0000000WCNQA2,Manual dishwashing procedure is improper to remove contamination.,Chandrahas Bireddy,"Equipment, Utensils and Cleaning;Manual dishwashing procedure is improper to remove contamination.","Manual dishwashing procedure is improper to remove contamination.;Equipment, Utensils and Cleaning"
0dtbZ00000032MXQAY,0Z4bZ0000000I3QSAU,"Equipment, Utensils and Cleaning",0eubZ0000000WCHQA2,Mechanical dishwasher does not provide sufficient washing and/or sanitizing action to remove contamination.,Chandrahas Bireddy,"Equipment, Utensils and Cleaning;Mechanical dishwasher does not provide sufficient washing and/or sanitizing action to remove contamination.","Mechanical dishwasher does not provide sufficient washing and/or sanitizing action to remove contamination.;Equipment, Utensils and Cleaning"
0dtbZ00000032MYQAY,0Z4bZ0000000I3QSAU,"Equipment, Utensils and Cleaning",0eubZ0000000WCOQA2,Mechanical glasswasher does not provide sufficient washing and/or sanitizing action to remove contamination.,Chandrahas Bireddy,"Equipment, Utensils and Cleaning;Mechanical glasswasher does not provide sufficient washing and/or sanitizing action to remove contamination.","Mechanical glasswasher does not provide sufficient washing and/or sanitizing action to remove contamination.;Equipment, Utensils and Cleaning"
0dtbZ00000032MZQAY,0Z4bZ0000000I3QSAU,"Equipment, Utensils and Cleaning",0eubZ0000000WCPQA2,Single service utensils and/or containers are used more than once.,Chandrahas Bireddy,"Equipment, Utensils and Cleaning;Single service utensils and/or containers are used more than once.","Single service utensils and/or containers are used more than once.;Equipment, Utensils and Cleaning"
0dtbZ00000032MaQAI,0Z4bZ0000000I3QSAU,"Equipment, Utensils and Cleaning",0eubZ0000000WCQQA2,Hot and cold running water is not supplied in quantity and pressure to meet the needs of the premises.,Chandrahas Bireddy,"Equipment, Utensils and Cleaning;Hot and cold running water is not supplied in quantity and pressure to meet the needs of the premises.","Hot and cold running water is not supplied in quantity and pressure to meet the needs of the premises.;Equipment, Utensils and Cleaning"
0dtbZ00000032MbQAI,0Z4bZ0000000I3RSAU,Employee,0eubZ0000000WCTQA2,Employees are not wearing clean clothing or footwear.,Chandrahas Bireddy,Employee;Employees are not wearing clean clothing or footwear.,Employees are not wearing clean clothing or footwear.;Employee
0dtbZ00000032McQAI,0Z4bZ0000000I3RSAU,Employee,0eubZ0000000WCYQA2,Employee's hair is not suitably confined.,Chandrahas Bireddy,Employee;Employee's hair is not suitably confined.,Employee's hair is not suitably confined.;Employee
0dtbZ00000032MdQAI,0Z4bZ0000000I3RSAU,Employee,0eubZ0000000WCUQA2,Hand washing station is obstructed or being used for other purposes.,Chandrahas Bireddy,Employee;Hand washing station is obstructed or being used for other purposes.,Hand washing station is obstructed or being used for other purposes.;Employee
0dtbZ00000032MeQAI,0Z4bZ0000000I3RSAU,Employee,0eubZ0000000WCVQA2,"Hand washing stations are inadequate in number and location, preventing accessibility to all food handlers.",Chandrahas Bireddy,"Employee;Hand washing stations are inadequate in number and location, preventing accessibility to all food handlers.","Hand washing stations are inadequate in number and location, preventing accessibility to all food handlers.;Employee"
0dtbZ00000032MfQAI,0Z4bZ0000000I3RSAU,Employee,0eubZ0000000WCWQA2,Employees are not washing hands as often as is necessary to prevent contamination of food.,Chandrahas Bireddy,Employee;Employees are not washing hands as often as is necessary to prevent contamination of food.,Employees are not washing hands as often as is necessary to prevent contamination of food.;Employee
0dtbZ00000032MgQAI,0Z4bZ0000000I3RSAU,Employee,0eubZ0000000WCXQA2,Employees do not demonstrate good personal hygiene which may lead to the contamination of food.,Chandrahas Bireddy,Employee;Employees do not demonstrate good personal hygiene which may lead to the contamination of food.,Employees do not demonstrate good personal hygiene which may lead to the contamination of food.;Employee
0dtbZ00000032MhQAI,0Z4bZ0000000I3RSAU,Employee,0eubZ0000000WCSQA2,"Employees are eating, drinking or using tobacco in food preparation, dishwashing and/or food storage areas.",Chandrahas Bireddy,"Employee;Employees are eating, drinking or using tobacco in food preparation, dishwashing and/or food storage areas.","Employees are eating, drinking or using tobacco in food preparation, dishwashing and/or food storage areas.;Employee"
0dtbZ00000032MiQAI,0Z4bZ0000000I3RSAU,Employee,0eubZ0000000WCRQA2,Hand washing stations are not properly supplied and maintained.,Chandrahas Bireddy,Employee;Hand washing stations are not properly supplied and maintained.,Hand washing stations are not properly supplied and maintained.;Employee
0dtbZ00000032MjQAI,0Z4bZ0000000I3RSAU,Employee,0eubZ0000000WCZQA2,"Food handlers present with communicable disease transmissible through food, water or drink.",Chandrahas Bireddy,"Employee;Food handlers present with communicable disease transmissible through food, water or drink.","Food handlers present with communicable disease transmissible through food, water or drink.;Employee"
0dtbZ00000032MkQAI,0Z4bZ0000000I3RSAU,Employee,0eubZ0000000WCaQAM,Procedures to notify a health officer of any existing circumstances that may cause a health hazard in the premises not available or followed.,Chandrahas Bireddy,Employee;Procedures to notify a health officer of any existing circumstances that may cause a health hazard in the premises not available or followed.,Procedures to notify a health officer of any existing circumstances that may cause a health hazard in the premises not available or followed.;Employee
0dtbZ00000032MlQAI,0Z4bZ0000000I3SSAU,Food Safety Management,0eubZ0000000WCdQAM,Temperature records are not being used to monitor critical limits.,Chandrahas Bireddy,Food Safety Management;Temperature records are not being used to monitor critical limits.,Temperature records are not being used to monitor critical limits.;Food Safety Management
0dtbZ00000032MmQAI,0Z4bZ0000000I3SSAU,Food Safety Management,0eubZ0000000WCeQAM,Food safety plan is not maintained to reflect the current menu.,Chandrahas Bireddy,Food Safety Management;Food safety plan is not maintained to reflect the current menu.,Food safety plan is not maintained to reflect the current menu.;Food Safety Management
0dtbZ00000032MnQAI,0Z4bZ0000000I3SSAU,Food Safety Management,0eubZ0000000WCbQAM,Procedures in the food safety plan are not being followed.,Chandrahas Bireddy,Food Safety Management;Procedures in the food safety plan are not being followed.,Procedures in the food safety plan are not being followed.;Food Safety Management
0dtbZ00000032MoQAI,0Z4bZ0000000I3SSAU,Food Safety Management,0eubZ0000000WCfQAM,Food safety plan is not developed.,Chandrahas Bireddy,Food Safety Management;Food safety plan is not developed.,Food safety plan is not developed.;Food Safety Management
0dtbZ00000032MpQAI,0Z4bZ0000000I3SSAU,Food Safety Management,0eubZ0000000WCcQAM,An accurate thermometer is not provided.,Chandrahas Bireddy,Food Safety Management;An accurate thermometer is not provided.,An accurate thermometer is not provided.;Food Safety Management
0dtbZ00000032MqQAI,0Z4bZ0000000I3SSAU,Food Safety Management,0eubZ0000000WChQAM,Sanitizer levels are not being monitored and recorded.,Chandrahas Bireddy,Food Safety Management;Sanitizer levels are not being monitored and recorded.,Sanitizer levels are not being monitored and recorded.;Food Safety Management
0dtbZ00000032MrQAI,0Z4bZ0000000I3SSAU,Food Safety Management,0eubZ0000000WCiQAM,Sanitation plan is not developed and/or approved by a health officer.,Chandrahas Bireddy,Food Safety Management;Sanitation plan is not developed and/or approved by a health officer.,Sanitation plan is not developed and/or approved by a health officer.;Food Safety Management
0dtbZ00000032MsQAI,0Z4bZ0000000I3SSAU,Food Safety Management,0eubZ0000000WCjQAM,Procedures in the sanitation plan are not being followed.,Chandrahas Bireddy,Food Safety Management;Procedures in the sanitation plan are not being followed.,Procedures in the sanitation plan are not being followed.;Food Safety Management
0dtbZ00000032MtQAI,0Z4bZ0000000I3SSAU,Food Safety Management,0eubZ0000000WCgQAM,Test strips are not available to monitor sanitizer level.,Chandrahas Bireddy,Food Safety Management;Test strips are not available to monitor sanitizer level.,Test strips are not available to monitor sanitizer level.;Food Safety Management
0dtbZ00000032MuQAI,0Z4bZ0000000I3TSAU,Miscellaneous,0eubZ0000000WCkQAM,Live animals are on the premises.,Chandrahas Bireddy,Miscellaneous;Live animals are on the premises.,Live animals are on the premises.;Miscellaneous
0dtbZ00000032MvQAI,0Z4bZ0000000I3TSAU,Miscellaneous,0eubZ0000000WCmQAM,Premises has signs of rodent activity.,Chandrahas Bireddy,Miscellaneous;Premises has signs of rodent activity.,Premises has signs of rodent activity.;Miscellaneous
0dtbZ00000032MwQAI,0Z4bZ0000000I3TSAU,Miscellaneous,0eubZ0000000WClQAM,Premises has signs of insect activity.,Chandrahas Bireddy,Miscellaneous;Premises has signs of insect activity.,Premises has signs of insect activity.;Miscellaneous
0dtbZ00000032MxQAI,0Z4bZ0000000I3TSAU,Miscellaneous,0eubZ0000000WCnQAM,Conditions present that may lead to harbouring or breeding of pests.,Chandrahas Bireddy,Miscellaneous;Conditions present that may lead to harbouring or breeding of pests.,Conditions present that may lead to harbouring or breeding of pests.;Miscellaneous
0dtbZ00000032MyQAI,0Z4bZ0000000I3TSAU,Miscellaneous,0eubZ0000000WCoQAM,Premises not protected against entry of pests.,Chandrahas Bireddy,Miscellaneous;Premises not protected against entry of pests.,Premises not protected against entry of pests.;Miscellaneous
0dtbZ00000032MzQAI,0Z4bZ0000000I3TSAU,Miscellaneous,0eubZ0000000WCqQAM,"Chemicals, cleansers and similar agents are not stored separately from food.",Chandrahas Bireddy,"Miscellaneous;Chemicals, cleansers and similar agents are not stored separately from food.","Chemicals, cleansers and similar agents are not stored separately from food.;Miscellaneous"
0dtbZ00000032N0QAI,0Z4bZ0000000I3TSAU,Miscellaneous,0eubZ0000000WCpQAM,Non-food containers are not clearly labelled to identify contents.,Chandrahas Bireddy,Miscellaneous;Non-food containers are not clearly labelled to identify contents.,Non-food containers are not clearly labelled to identify contents.;Miscellaneous
0dtbZ00000032N1QAI,0Z4bZ0000000I3VSAU,Training,0eubZ0000000WCrQAM,No employee present holds a valid FOODSAFE or equivalent certificate while the Owner/Operator is absent.,Chandrahas Bireddy,Training;No employee present holds a valid FOODSAFE or equivalent certificate while the Owner/Operator is absent.,No employee present holds a valid FOODSAFE or equivalent certificate while the Owner/Operator is absent.;Training
0dtbZ00000032N2QAI,0Z4bZ0000000I3VSAU,Training,0eubZ0000000WCtQAM,Owner/Operator does not hold a valid FOODSAFE or equivalent certificate.,Chandrahas Bireddy,Training;Owner/Operator does not hold a valid FOODSAFE or equivalent certificate.,Owner/Operator does not hold a valid FOODSAFE or equivalent certificate.;Training
0dtbZ00000032N3QAI,0Z4bZ0000000I3WSAU,Previously Served Food,0eubZ0000000WCuQAM,Previously served food is served to another customer.,Chandrahas Bireddy,Previously Served Food;Previously served food is served to another customer.,Previously served food is served to another customer.;Previously Served Food
0dtbZ00000032N4QAI,0Z4bZ0000000I3XSAU,Temporary Food Service and Inspection Report,0eubZ0000000WCwQAM,Temporary booth is not set up or constructed to ensure the safe and sanitary handling of food.,Chandrahas Bireddy,Temporary Food Service and Inspection Report;Temporary booth is not set up or constructed to ensure the safe and sanitary handling of food.,Temporary booth is not set up or constructed to ensure the safe and sanitary handling of food.;Temporary Food Service and Inspection Report
0dtbZ00000032N5QAI,0Z4bZ0000000I3XSAU,Temporary Food Service and Inspection Report,0eubZ0000000WCxQAM,Potable hot and cold running water is not in quantity or pressure to meet operational demands.,Chandrahas Bireddy,Temporary Food Service and Inspection Report;Potable hot and cold running water is not in quantity or pressure to meet operational demands.,Potable hot and cold running water is not in quantity or pressure to meet operational demands.;Temporary Food Service and Inspection Report
0dtbZ00000032N6QAI,0Z4bZ0000000I3XSAU,Temporary Food Service and Inspection Report,0eubZ0000000WCvQAM,Power is not supplied in a manner that meets the needs of the temporary booth.,Chandrahas Bireddy,Temporary Food Service and Inspection Report;Power is not supplied in a manner that meets the needs of the temporary booth.,Power is not supplied in a manner that meets the needs of the temporary booth.;Temporary Food Service and Inspection Report
0dtbZ00000032N7QAI,0Z4bZ0000000I3XSAU,Temporary Food Service and Inspection Report,0eubZ0000000WCsQAM,The operator and/or the employee does not hold a valid Foodsafe or equivalent certificate onsite.,Chandrahas Bireddy,Temporary Food Service and Inspection Report;The operator and/or the employee does not hold a valid Foodsafe or equivalent certificate onsite.,The operator and/or the employee does not hold a valid Foodsafe or equivalent certificate onsite.;Temporary Food Service and Inspection Report
0dtbZ00000032N8QAI,0Z4bZ0000000I3XSAU,Temporary Food Service and Inspection Report,0eubZ0000000WBgQAM,The operator cannot provide evidence to support that food is from an approved source.,Chandrahas Bireddy,Temporary Food Service and Inspection Report;The operator cannot provide evidence to support that food is from an approved source.,The operator cannot provide evidence to support that food is from an approved source.;Food Sources and Protection
0dtbZ00000032N9QAI,0Z4bZ0000000I3XSAU,Temporary Food Service and Inspection Report,0eubZ0000000WCzQAM,"Food is not protected from contamination during transportation, display, storage, or preparation.",Chandrahas Bireddy,"Temporary Food Service and Inspection Report;Food is not protected from contamination during transportation, display, storage, or preparation.","Food is not protected from contamination during transportation, display, storage, or preparation.;Temporary Food Service and Inspection Report"
0dtbZ00000032NAQAY,0Z4bZ0000000I3XSAU,Temporary Food Service and Inspection Report,0eubZ0000000WBmQAM,Potentially hazardous food is not thawed using appropriate equipment and/or approved methods.,Chandrahas Bireddy,Temporary Food Service and Inspection Report;Potentially hazardous food is not thawed using appropriate equipment and/or approved methods.,Potentially hazardous food is not thawed using appropriate equipment and/or approved methods.;Food Sources and Protection
0dtbZ00000032NBQAY,0Z4bZ0000000I3XSAU,Temporary Food Service and Inspection Report,0eubZ0000000WD7QAM,PHF is not thawed using appropriate equipment and/or methods.,Chandrahas Bireddy,Temporary Food Service and Inspection Report;PHF is not thawed using appropriate equipment and/or methods.,PHF is not thawed using appropriate equipment and/or methods.;Temporary Food Service and Inspection Report
0dtbZ00000032NCQAY,0Z4bZ0000000I3XSAU,Temporary Food Service and Inspection Report,0eubZ0000000WD2QAM,PHF is not cooked thoroughly and to appropriate internal temperature.,Chandrahas Bireddy,Temporary Food Service and Inspection Report;PHF is not cooked thoroughly and to appropriate internal temperature.,PHF is not cooked thoroughly and to appropriate internal temperature.;Temporary Food Service and Inspection Report
0dtbZ00000032NDQAY,0Z4bZ0000000I3XSAU,Temporary Food Service and Inspection Report,0eubZ0000000WD3QAM,PHF is not reheated rapidly to 74°C only once.,Chandrahas Bireddy,Temporary Food Service and Inspection Report;PHF is not reheated rapidly to 74°C only once.,PHF is not reheated rapidly to 74°C only once.;Temporary Food Service and Inspection Report
0dtbZ00000032NEQAY,0Z4bZ0000000I3XSAU,Temporary Food Service and Inspection Report,0eubZ0000000WD4QAM,"Cold PHF is not stored, displayed, transported, or served. at a temperature of 4°C or below.",Chandrahas Bireddy,"Temporary Food Service and Inspection Report;Cold PHF is not stored, displayed, transported, or served. at a temperature of 4°C or below.","Cold PHF is not stored, displayed, transported, or served. at a temperature of 4°C or below.;Temporary Food Service and Inspection Report"
0dtbZ00000032NFQAY,0Z4bZ0000000I3XSAU,Temporary Food Service and Inspection Report,0eubZ0000000WD5QAM,"Hot PHF is not stored, displayed, transported, or served at or above 60°C.",Chandrahas Bireddy,"Temporary Food Service and Inspection Report;Hot PHF is not stored, displayed, transported, or served at or above 60°C.","Hot PHF is not stored, displayed, transported, or served at or above 60°C.;Temporary Food Service and Inspection Report"
0dtbZ00000032NGQAY,0Z4bZ0000000I3XSAU,Temporary Food Service and Inspection Report,0eubZ0000000WD6QAM,Cold storage and/or hot holding equipment is not of the type or capacity to meet operational demands.,Chandrahas Bireddy,Temporary Food Service and Inspection Report;Cold storage and/or hot holding equipment is not of the type or capacity to meet operational demands.,Cold storage and/or hot holding equipment is not of the type or capacity to meet operational demands.;Temporary Food Service and Inspection Report
0dtbZ00000032NHQAY,0Z4bZ0000000I3XSAU,Temporary Food Service and Inspection Report,0eubZ0000000WCcQAM,An accurate thermometer is not provided.,Chandrahas Bireddy,Temporary Food Service and Inspection Report;An accurate thermometer is not provided.,An accurate thermometer is not provided.;Food Safety Management
0dtbZ00000032NIQAY,0Z4bZ0000000I3XSAU,Temporary Food Service and Inspection Report,0eubZ0000000WD8QAM,"Equipment, utensils, and food contact surfaces are not maintained in a sanitary condition.",Chandrahas Bireddy,"Temporary Food Service and Inspection Report;Equipment, utensils, and food contact surfaces are not maintained in a sanitary condition.","Equipment, utensils, and food contact surfaces are not maintained in a sanitary condition.;Temporary Food Service and Inspection Report"
0dtbZ00000032NJQAY,0Z4bZ0000000I3XSAU,Temporary Food Service and Inspection Report,0eubZ0000000WD9QAM,"Wiping cloths are not clean, restricted in use and/or in approved sanitizing solution.",Chandrahas Bireddy,"Temporary Food Service and Inspection Report;Wiping cloths are not clean, restricted in use and/or in approved sanitizing solution.","Wiping cloths are not clean, restricted in use and/or in approved sanitizing solution.;Temporary Food Service and Inspection Report"
0dtbZ00000032NKQAY,0Z4bZ0000000I3XSAU,Temporary Food Service and Inspection Report,0eubZ0000000WDAQA2,Sanitizing solution is not present or at sufficient concentration.,Chandrahas Bireddy,Temporary Food Service and Inspection Report;Sanitizing solution is not present or at sufficient concentration.,Sanitizing solution is not present or at sufficient concentration.;Temporary Food Service and Inspection Report
0dtbZ00000032NLQAY,0Z4bZ0000000I3XSAU,Temporary Food Service and Inspection Report,0eubZ0000000WDCQA2,"Handwashing stations are not properly supplied, maintained and/or is obstructed.",Chandrahas Bireddy,"Temporary Food Service and Inspection Report;Handwashing stations are not properly supplied, maintained and/or is obstructed.","Handwashing stations are not properly supplied, maintained and/or is obstructed.;Temporary Food Service and Inspection Report"
0dtbZ00000032NMQAY,0Z4bZ0000000I3XSAU,Temporary Food Service and Inspection Report,0eubZ0000000WCWQA2,Employees are not washing hands as often as is necessary to prevent contamination of food.,Chandrahas Bireddy,Temporary Food Service and Inspection Report;Employees are not washing hands as often as is necessary to prevent contamination of food.,Employees are not washing hands as often as is necessary to prevent contamination of food.;Employee
0dtbZ00000032NNQAY,0Z4bZ0000000I3OSAU,Approvals and Permits,0eubZ0000000WBVQA2,Approval has been granted to the food premises.,Chandrahas Bireddy,Approvals and Permits;Approval has been granted to the food premises.,Approval has been granted to the food premises.;Approvals and Permits
0dtbZ00000032NOQAY,0Z4bZ0000000I3USAU,Permit to Operate Food Service Establishment,0eubZ0000000WBeQAM,The Permit to Operate a food service establishment is valid and is posted in a conspicuous location.,Chandrahas Bireddy,Permit to Operate Food Service Establishment;The Permit to Operate a food service establishment is valid and is posted in a conspicuous location.,The Permit to Operate a food service establishment is valid and is posted in a conspicuous location.;Permit to Operate Food Service Establishment
0dtbZ00000032NPQAY,0Z4bZ0000000I3OSAU,Approvals and Permits,0eubZ0000000WBhQAM,Premises does not have approval to operate.,Chandrahas Bireddy,Approvals and Permits;Premises does not have approval to operate.,Premises does not have approval to operate.;Approvals and Permits
0dtbZ00000032NQQAY,0Z4bZ0000000I3USAU,Permit to Operate Food Service Establishment,0eubZ0000000WCCQA2,Permit to Operate is not posted in a conspicuous location.,Chandrahas Bireddy,Permit to Operate Food Service Establishment;Permit to Operate is not posted in a conspicuous location.,Permit to Operate is not posted in a conspicuous location.;Permit to Operate Food Service Establishment
0dtbZ00000032NRQAY,0Z4bZ0000000I3USAU,Permit to Operate Food Service Establishment,0eubZ0000000WCBQA2,Premises does not have a valid Permit to Operate.,Chandrahas Bireddy,Permit to Operate Food Service Establishment;Premises does not have a valid Permit to Operate.,Premises does not have a valid Permit to Operate.;Permit to Operate Food Service Establishment
0dtbZ00000032NSQAY,0Z4bZ0000000I3USAU,Permit to Operate Food Service Establishment,0eubZ0000000WCDQA2,Operator is not operating in accordance with the terms and conditions of their permit.,Chandrahas Bireddy,Permit to Operate Food Service Establishment;Operator is not operating in accordance with the terms and conditions of their permit.,Operator is not operating in accordance with the terms and conditions of their permit.;Permit to Operate Food Service Establishment
