Id,Name,Category__c,DataType,Criticality__c,InspectionQuestiontype__c,PHOCSParentId__c,PHOCSParentId__r.Name,RecordType.DeveloperName,CreatedBy.Name,$$Name$Category__c,PHOCSParentId__r.$$Name$Category__c
0eubZ0000000WBBQA2,Operator immediately notifies a health officer of any circumstance that exists in the food premises that may cause a health hazard.,Employee,String,Critical,Regulation,,,PHOCSAssessmentIndicatorDefinition,Chandrahas Bireddy,Operator immediately notifies a health officer of any circumstance that exists in the food premises that may cause a health hazard.;Employee,
0eubZ0000000WBCQA2,"Equipment, food contact surfaces, utensils, dishes & glasses used on the premises are washed and sanitized in a manner that removes contamination.","Equipment, Utensils and Cleaning",String,Critical,Regulation,,,PHOCSAssessmentIndicatorDefinition,Chandrahas Bireddy,"Equipment, food contact surfaces, utensils, dishes & glasses used on the premises are washed and sanitized in a manner that removes contamination.;Equipment, Utensils and Cleaning",
0eubZ0000000WBDQA2,Employees maintain and demonstrate good personal hygiene.,Employee,String,Critical,Regulation,,,PHOCSAssessmentIndicatorDefinition,Chandrahas Bireddy,Employees maintain and demonstrate good personal hygiene.;Employee,
0eubZ0000000WBEQA2,Operator does not permit any person suspected to suffer from a disease communicable through food to come into contact with food or food contact surfaces.,Employee,String,Critical,Regulation,,,PHOCSAssessmentIndicatorDefinition,Chandrahas Bireddy,Operator does not permit any person suspected to suffer from a disease communicable through food to come into contact with food or food contact surfaces.;Employee,
0eubZ0000000WBFQA2,"Operator of a food premises has developed, maintained, and follows written food handling procedures to ensure that a health hazard does not occur.",Food Safety Management,String,Non-critical,Regulation,,,PHOCSAssessmentIndicatorDefinition,Chandrahas Bireddy,"Operator of a food premises has developed, maintained, and follows written food handling procedures to ensure that a health hazard does not occur.;Food Safety Management",
0eubZ0000000WBGQA2,Operator of a food premises has approved written procedures to ensure the safe and sanitary operation of the establishment.,Food Safety Management,String,Non-critical,Regulation,,,PHOCSAssessmentIndicatorDefinition,Chandrahas Bireddy,Operator of a food premises has approved written procedures to ensure the safe and sanitary operation of the establishment.;Food Safety Management,
0eubZ0000000WBHQA2,Live animals are not allowed on the premises unless permitted under 25(2) of the FPR,Miscellaneous,String,Non-critical,Regulation,,,PHOCSAssessmentIndicatorDefinition,Chandrahas Bireddy,Live animals are not allowed on the premises unless permitted under 25(2) of the FPR;Miscellaneous,
0eubZ0000000WBIQA2,The premises is free of pests.,Miscellaneous,String,Critical,Regulation,,,PHOCSAssessmentIndicatorDefinition,Chandrahas Bireddy,The premises is free of pests.;Miscellaneous,
0eubZ0000000WBJQA2,"The premises is free of conditions that lead to harbouring, breeding and entry of pests.",Miscellaneous,String,Non-critical,Regulation,,,PHOCSAssessmentIndicatorDefinition,Chandrahas Bireddy,"The premises is free of conditions that lead to harbouring, breeding and entry of pests.;Miscellaneous",
0eubZ0000000WBKQA2,"Chemicals, cleansers and similar agents are kept separate from food.",Miscellaneous,String,Non-critical,Regulation,,,PHOCSAssessmentIndicatorDefinition,Chandrahas Bireddy,"Chemicals, cleansers and similar agents are kept separate from food.;Miscellaneous",
0eubZ0000000WBLQA2,The operator and/or food handler onsite holds a valid FOODSAFE Level 1 certificate or equivalent.,Training,String,Non-critical,Regulation,,,PHOCSAssessmentIndicatorDefinition,Chandrahas Bireddy,The operator and/or food handler onsite holds a valid FOODSAFE Level 1 certificate or equivalent.;Training,
0eubZ0000000WBMQA2,Previously served food is not being served.,Previously Served Food,String,Critical,Regulation,,,PHOCSAssessmentIndicatorDefinition,Chandrahas Bireddy,Previously served food is not being served.;Previously Served Food,
0eubZ0000000WBNQA2,Operation of premises is in accordance with approved specifications.,Temporary Food Service and Inspection Report,String,Non-critical,Regulation,,,PHOCSAssessmentIndicatorDefinition,Chandrahas Bireddy,Operation of premises is in accordance with approved specifications.;Temporary Food Service and Inspection Report,
0eubZ0000000WBOQA2,The operator and/or food handler onsite holds a valid FOODSAFE Level 1 certificate or equivalent.,Temporary Food Service and Inspection Report,String,Non-critical,Regulation,,,PHOCSAssessmentIndicatorDefinition,Chandrahas Bireddy,The operator and/or food handler onsite holds a valid FOODSAFE Level 1 certificate or equivalent.;Temporary Food Service and Inspection Report,
0eubZ0000000WBPQA2,All food on the premises is obtained from an approved source.,Temporary Food Service and Inspection Report,String,Critical,Regulation,,,PHOCSAssessmentIndicatorDefinition,Chandrahas Bireddy,All food on the premises is obtained from an approved source.;Temporary Food Service and Inspection Report,
0eubZ0000000WBQQA2,Food is handled in a sanitary manner and is not contaminated.,Temporary Food Service and Inspection Report,String,Critical,Regulation,,,PHOCSAssessmentIndicatorDefinition,Chandrahas Bireddy,Food is handled in a sanitary manner and is not contaminated.;Temporary Food Service and Inspection Report,
0eubZ0000000WBRQA2,Potentially hazardous food is thawed in a manner that makes it safe to eat.,Temporary Food Service and Inspection Report,String,Critical,Regulation,,,PHOCSAssessmentIndicatorDefinition,Chandrahas Bireddy,Potentially hazardous food is thawed in a manner that makes it safe to eat.;Temporary Food Service and Inspection Report,
0eubZ0000000WBSQA2,Potentially hazardous food (PHF) is prepared and stored in a manner that makes it safe to eat.,Temporary Food Service and Inspection Report,String,Critical,Regulation,,,PHOCSAssessmentIndicatorDefinition,Chandrahas Bireddy,Potentially hazardous food (PHF) is prepared and stored in a manner that makes it safe to eat.;Temporary Food Service and Inspection Report,
0eubZ0000000WBTQA2,All equipment and food contact surfaces are washed and sanitized to remove contamination.,Temporary Food Service and Inspection Report,String,Critical,Regulation,,,PHOCSAssessmentIndicatorDefinition,Chandrahas Bireddy,All equipment and food contact surfaces are washed and sanitized to remove contamination.;Temporary Food Service and Inspection Report,
0eubZ0000000WBUQA2,Each employee washes their hands as necessary to prevent the contamination of food.,Temporary Food Service and Inspection Report,String,Critical,Regulation,,,PHOCSAssessmentIndicatorDefinition,Chandrahas Bireddy,Each employee washes their hands as necessary to prevent the contamination of food.;Temporary Food Service and Inspection Report,
0eubZ0000000WBVQA2,Approval has been granted to the food premises.,Approvals and Permits,String,Non-critical,Regulation,,,PHOCSAssessmentIndicatorDefinition,Chandrahas Bireddy,Approval has been granted to the food premises.;Approvals and Permits,
0eubZ0000000WBWQA2,Potentially hazardous food is at a hot holding temperature that keeps it safe to eat.,Food Sources and Protection,String,Critical,Regulation,,,PHOCSAssessmentIndicatorDefinition,Chandrahas Bireddy,Potentially hazardous food is at a hot holding temperature that keeps it safe to eat.;Food Sources and Protection,
0eubZ0000000WBXQA2,Potentially hazardous food is at a refrigerated temperature that keeps it safe to eat.,Food Sources and Protection,String,Critical,Regulation,,,PHOCSAssessmentIndicatorDefinition,Chandrahas Bireddy,Potentially hazardous food is at a refrigerated temperature that keeps it safe to eat.;Food Sources and Protection,
0eubZ0000000WBYQA2,Potentially hazardous food is thawed and/or cooled in an approved manner.,Food Sources and Protection,String,Critical,Regulation,,,PHOCSAssessmentIndicatorDefinition,Chandrahas Bireddy,Potentially hazardous food is thawed and/or cooled in an approved manner.;Food Sources and Protection,
0eubZ0000000WBZQA2,Operation and maintenance of premises is in accordance with the approved floor plans and specifications.,Construction of Food Premises,String,Non-critical,Regulation,,,PHOCSAssessmentIndicatorDefinition,Chandrahas Bireddy,Operation and maintenance of premises is in accordance with the approved floor plans and specifications.;Construction of Food Premises,
0eubZ0000000WBaQAM,Food on the premises is obtained from an approved source.,Food Sources and Protection,String,Critical,Regulation,,,PHOCSAssessmentIndicatorDefinition,Chandrahas Bireddy,Food on the premises is obtained from an approved source.;Food Sources and Protection,
0eubZ0000000WBbQAM,Potentially hazardous food is cooked/processed in an approved manner.,Food Sources and Protection,String,Critical,Regulation,,,PHOCSAssessmentIndicatorDefinition,Chandrahas Bireddy,Potentially hazardous food is cooked/processed in an approved manner.;Food Sources and Protection,
0eubZ0000000WBcQAM,"Contaminated food is not stored, displayed or offered for sale.",Food Sources and Protection,String,Critical,Regulation,,,PHOCSAssessmentIndicatorDefinition,Chandrahas Bireddy,"Contaminated food is not stored, displayed or offered for sale.;Food Sources and Protection",
0eubZ0000000WBdQAM,Food is kept in a sanitary manner and is not subject to contamination.,Food Sources and Protection,String,Critical,Regulation,,,PHOCSAssessmentIndicatorDefinition,Chandrahas Bireddy,Food is kept in a sanitary manner and is not subject to contamination.;Food Sources and Protection,
0eubZ0000000WBeQAM,The Permit to Operate a food service establishment is valid and is posted in a conspicuous location.,Permit to Operate Food Service Establishment,String,Non-critical,Regulation,,,PHOCSAssessmentIndicatorDefinition,Chandrahas Bireddy,The Permit to Operate a food service establishment is valid and is posted in a conspicuous location.;Permit to Operate Food Service Establishment,
0eubZ0000000WBfQAM,"The premises and equipment, utensils, and food contact surfaces are maintained in good condition and used in a manner that ensures safe and sanitary food handling.","Equipment, Utensils and Cleaning",String,Critical,Regulation,,,PHOCSAssessmentIndicatorDefinition,Chandrahas Bireddy,"The premises and equipment, utensils, and food contact surfaces are maintained in good condition and used in a manner that ensures safe and sanitary food handling.;Equipment, Utensils and Cleaning",
0eubZ0000000WCaQAM,Procedures to notify a health officer of any existing circumstances that may cause a health hazard in the premises not available or followed.,Employee,Boolean,Non-critical,,0eubZ0000000WBBQA2,Operator immediately notifies a health officer of any circumstance that exists in the food premises that may cause a health hazard.,PHOCSAssessmentIndicatorDefinition,Chandrahas Bireddy,Procedures to notify a health officer of any existing circumstances that may cause a health hazard in the premises not available or followed.;Employee,Operator immediately notifies a health officer of any circumstance that exists in the food premises that may cause a health hazard.;Employee
0eubZ0000000WCJQA2,Sanitizing solution concentration is too high.,"Equipment, Utensils and Cleaning",Boolean,Non-critical,,0eubZ0000000WBCQA2,"Equipment, food contact surfaces, utensils, dishes & glasses used on the premises are washed and sanitized in a manner that removes contamination.",PHOCSAssessmentIndicatorDefinition,Chandrahas Bireddy,"Sanitizing solution concentration is too high.;Equipment, Utensils and Cleaning","Equipment, food contact surfaces, utensils, dishes & glasses used on the premises are washed and sanitized in a manner that removes contamination.;Equipment, Utensils and Cleaning"
0eubZ0000000WCQQA2,Hot and cold running water is not supplied in quantity and pressure to meet the needs of the premises.,"Equipment, Utensils and Cleaning",Boolean,Non-critical,,0eubZ0000000WBCQA2,"Equipment, food contact surfaces, utensils, dishes & glasses used on the premises are washed and sanitized in a manner that removes contamination.",PHOCSAssessmentIndicatorDefinition,Chandrahas Bireddy,"Hot and cold running water is not supplied in quantity and pressure to meet the needs of the premises.;Equipment, Utensils and Cleaning","Equipment, food contact surfaces, utensils, dishes & glasses used on the premises are washed and sanitized in a manner that removes contamination.;Equipment, Utensils and Cleaning"
0eubZ0000000WCPQA2,Single service utensils and/or containers are used more than once.,"Equipment, Utensils and Cleaning",Boolean,Non-critical,,0eubZ0000000WBCQA2,"Equipment, food contact surfaces, utensils, dishes & glasses used on the premises are washed and sanitized in a manner that removes contamination.",PHOCSAssessmentIndicatorDefinition,Chandrahas Bireddy,"Single service utensils and/or containers are used more than once.;Equipment, Utensils and Cleaning","Equipment, food contact surfaces, utensils, dishes & glasses used on the premises are washed and sanitized in a manner that removes contamination.;Equipment, Utensils and Cleaning"
0eubZ0000000WCOQA2,Mechanical glasswasher does not provide sufficient washing and/or sanitizing action to remove contamination.,"Equipment, Utensils and Cleaning",Boolean,Non-critical,,0eubZ0000000WBCQA2,"Equipment, food contact surfaces, utensils, dishes & glasses used on the premises are washed and sanitized in a manner that removes contamination.",PHOCSAssessmentIndicatorDefinition,Chandrahas Bireddy,"Mechanical glasswasher does not provide sufficient washing and/or sanitizing action to remove contamination.;Equipment, Utensils and Cleaning","Equipment, food contact surfaces, utensils, dishes & glasses used on the premises are washed and sanitized in a manner that removes contamination.;Equipment, Utensils and Cleaning"
0eubZ0000000WCNQA2,Manual dishwashing procedure is improper to remove contamination.,"Equipment, Utensils and Cleaning",Boolean,Non-critical,,0eubZ0000000WBCQA2,"Equipment, food contact surfaces, utensils, dishes & glasses used on the premises are washed and sanitized in a manner that removes contamination.",PHOCSAssessmentIndicatorDefinition,Chandrahas Bireddy,"Manual dishwashing procedure is improper to remove contamination.;Equipment, Utensils and Cleaning","Equipment, food contact surfaces, utensils, dishes & glasses used on the premises are washed and sanitized in a manner that removes contamination.;Equipment, Utensils and Cleaning"
0eubZ0000000WCMQA2,"Wiping cloths are not cleaned, restricted in use and/or stored in approved sanitizing solutions between uses.","Equipment, Utensils and Cleaning",Boolean,Non-critical,,0eubZ0000000WBCQA2,"Equipment, food contact surfaces, utensils, dishes & glasses used on the premises are washed and sanitized in a manner that removes contamination.",PHOCSAssessmentIndicatorDefinition,Chandrahas Bireddy,"Wiping cloths are not cleaned, restricted in use and/or stored in approved sanitizing solutions between uses.;Equipment, Utensils and Cleaning","Equipment, food contact surfaces, utensils, dishes & glasses used on the premises are washed and sanitized in a manner that removes contamination.;Equipment, Utensils and Cleaning"
0eubZ0000000WCLQA2,Sanitizing solution is not present or at an improper concentration.,"Equipment, Utensils and Cleaning",Boolean,Non-critical,,0eubZ0000000WBCQA2,"Equipment, food contact surfaces, utensils, dishes & glasses used on the premises are washed and sanitized in a manner that removes contamination.",PHOCSAssessmentIndicatorDefinition,Chandrahas Bireddy,"Sanitizing solution is not present or at an improper concentration.;Equipment, Utensils and Cleaning","Equipment, food contact surfaces, utensils, dishes & glasses used on the premises are washed and sanitized in a manner that removes contamination.;Equipment, Utensils and Cleaning"
0eubZ0000000WCHQA2,Mechanical dishwasher does not provide sufficient washing and/or sanitizing action to remove contamination.,"Equipment, Utensils and Cleaning",Boolean,Non-critical,,0eubZ0000000WBCQA2,"Equipment, food contact surfaces, utensils, dishes & glasses used on the premises are washed and sanitized in a manner that removes contamination.",PHOCSAssessmentIndicatorDefinition,Chandrahas Bireddy,"Mechanical dishwasher does not provide sufficient washing and/or sanitizing action to remove contamination.;Equipment, Utensils and Cleaning","Equipment, food contact surfaces, utensils, dishes & glasses used on the premises are washed and sanitized in a manner that removes contamination.;Equipment, Utensils and Cleaning"
0eubZ0000000WCIQA2,"Equipment, utensils, and/or food contact surfaces are not maintained or stored in a manner that prevents contamination.","Equipment, Utensils and Cleaning",Boolean,Non-critical,,0eubZ0000000WBCQA2,"Equipment, food contact surfaces, utensils, dishes & glasses used on the premises are washed and sanitized in a manner that removes contamination.",PHOCSAssessmentIndicatorDefinition,Chandrahas Bireddy,"Equipment, utensils, and/or food contact surfaces are not maintained or stored in a manner that prevents contamination.;Equipment, Utensils and Cleaning","Equipment, food contact surfaces, utensils, dishes & glasses used on the premises are washed and sanitized in a manner that removes contamination.;Equipment, Utensils and Cleaning"
0eubZ0000000WCKQA2,Sanitizing solution concentration is too low.,"Equipment, Utensils and Cleaning",Boolean,Non-critical,,0eubZ0000000WBCQA2,"Equipment, food contact surfaces, utensils, dishes & glasses used on the premises are washed and sanitized in a manner that removes contamination.",PHOCSAssessmentIndicatorDefinition,Chandrahas Bireddy,"Sanitizing solution concentration is too low.;Equipment, Utensils and Cleaning","Equipment, food contact surfaces, utensils, dishes & glasses used on the premises are washed and sanitized in a manner that removes contamination.;Equipment, Utensils and Cleaning"
0eubZ0000000WCSQA2,"Employees are eating, drinking or using tobacco in food preparation, dishwashing and/or food storage areas.",Employee,Boolean,Non-critical,,0eubZ0000000WBDQA2,Employees maintain and demonstrate good personal hygiene.,PHOCSAssessmentIndicatorDefinition,Chandrahas Bireddy,"Employees are eating, drinking or using tobacco in food preparation, dishwashing and/or food storage areas.;Employee",Employees maintain and demonstrate good personal hygiene.;Employee
0eubZ0000000WCRQA2,Hand washing stations are not properly supplied and maintained.,Employee,Boolean,Non-critical,,0eubZ0000000WBDQA2,Employees maintain and demonstrate good personal hygiene.,PHOCSAssessmentIndicatorDefinition,Chandrahas Bireddy,Hand washing stations are not properly supplied and maintained.;Employee,Employees maintain and demonstrate good personal hygiene.;Employee
0eubZ0000000WCYQA2,Employee's hair is not suitably confined.,Employee,Boolean,Non-critical,,0eubZ0000000WBDQA2,Employees maintain and demonstrate good personal hygiene.,PHOCSAssessmentIndicatorDefinition,Chandrahas Bireddy,Employee's hair is not suitably confined.;Employee,Employees maintain and demonstrate good personal hygiene.;Employee
0eubZ0000000WCXQA2,Employees do not demonstrate good personal hygiene which may lead to the contamination of food.,Employee,Boolean,Non-critical,,0eubZ0000000WBDQA2,Employees maintain and demonstrate good personal hygiene.,PHOCSAssessmentIndicatorDefinition,Chandrahas Bireddy,Employees do not demonstrate good personal hygiene which may lead to the contamination of food.;Employee,Employees maintain and demonstrate good personal hygiene.;Employee
0eubZ0000000WCWQA2,Employees are not washing hands as often as is necessary to prevent contamination of food.,Employee,Boolean,Non-critical,,0eubZ0000000WBDQA2,Employees maintain and demonstrate good personal hygiene.,PHOCSAssessmentIndicatorDefinition,Chandrahas Bireddy,Employees are not washing hands as often as is necessary to prevent contamination of food.;Employee,Employees maintain and demonstrate good personal hygiene.;Employee
0eubZ0000000WCVQA2,"Hand washing stations are inadequate in number and location, preventing accessibility to all food handlers.",Employee,Boolean,Non-critical,,0eubZ0000000WBDQA2,Employees maintain and demonstrate good personal hygiene.,PHOCSAssessmentIndicatorDefinition,Chandrahas Bireddy,"Hand washing stations are inadequate in number and location, preventing accessibility to all food handlers.;Employee",Employees maintain and demonstrate good personal hygiene.;Employee
0eubZ0000000WCUQA2,Hand washing station is obstructed or being used for other purposes.,Employee,Boolean,Non-critical,,0eubZ0000000WBDQA2,Employees maintain and demonstrate good personal hygiene.,PHOCSAssessmentIndicatorDefinition,Chandrahas Bireddy,Hand washing station is obstructed or being used for other purposes.;Employee,Employees maintain and demonstrate good personal hygiene.;Employee
0eubZ0000000WCTQA2,Employees are not wearing clean clothing or footwear.,Employee,Boolean,Non-critical,,0eubZ0000000WBDQA2,Employees maintain and demonstrate good personal hygiene.,PHOCSAssessmentIndicatorDefinition,Chandrahas Bireddy,Employees are not wearing clean clothing or footwear.;Employee,Employees maintain and demonstrate good personal hygiene.;Employee
0eubZ0000000WCZQA2,"Food handlers present with communicable disease transmissible through food, water or drink.",Employee,Boolean,Non-critical,,0eubZ0000000WBEQA2,Operator does not permit any person suspected to suffer from a disease communicable through food to come into contact with food or food contact surfaces.,PHOCSAssessmentIndicatorDefinition,Chandrahas Bireddy,"Food handlers present with communicable disease transmissible through food, water or drink.;Employee",Operator does not permit any person suspected to suffer from a disease communicable through food to come into contact with food or food contact surfaces.;Employee
0eubZ0000000WCbQAM,Procedures in the food safety plan are not being followed.,Food Safety Management,Boolean,Non-critical,,0eubZ0000000WBFQA2,"Operator of a food premises has developed, maintained, and follows written food handling procedures to ensure that a health hazard does not occur.",PHOCSAssessmentIndicatorDefinition,Chandrahas Bireddy,Procedures in the food safety plan are not being followed.;Food Safety Management,"Operator of a food premises has developed, maintained, and follows written food handling procedures to ensure that a health hazard does not occur.;Food Safety Management"
0eubZ0000000WCcQAM,An accurate thermometer is not provided.,Food Safety Management,Boolean,Non-critical,,0eubZ0000000WBFQA2,"Operator of a food premises has developed, maintained, and follows written food handling procedures to ensure that a health hazard does not occur.",PHOCSAssessmentIndicatorDefinition,Chandrahas Bireddy,An accurate thermometer is not provided.;Food Safety Management,"Operator of a food premises has developed, maintained, and follows written food handling procedures to ensure that a health hazard does not occur.;Food Safety Management"
0eubZ0000000WCfQAM,Food safety plan is not developed.,Food Safety Management,Boolean,Non-critical,,0eubZ0000000WBFQA2,"Operator of a food premises has developed, maintained, and follows written food handling procedures to ensure that a health hazard does not occur.",PHOCSAssessmentIndicatorDefinition,Chandrahas Bireddy,Food safety plan is not developed.;Food Safety Management,"Operator of a food premises has developed, maintained, and follows written food handling procedures to ensure that a health hazard does not occur.;Food Safety Management"
0eubZ0000000WCeQAM,Food safety plan is not maintained to reflect the current menu.,Food Safety Management,Boolean,Non-critical,,0eubZ0000000WBFQA2,"Operator of a food premises has developed, maintained, and follows written food handling procedures to ensure that a health hazard does not occur.",PHOCSAssessmentIndicatorDefinition,Chandrahas Bireddy,Food safety plan is not maintained to reflect the current menu.;Food Safety Management,"Operator of a food premises has developed, maintained, and follows written food handling procedures to ensure that a health hazard does not occur.;Food Safety Management"
0eubZ0000000WCdQAM,Temperature records are not being used to monitor critical limits.,Food Safety Management,Boolean,Non-critical,,0eubZ0000000WBFQA2,"Operator of a food premises has developed, maintained, and follows written food handling procedures to ensure that a health hazard does not occur.",PHOCSAssessmentIndicatorDefinition,Chandrahas Bireddy,Temperature records are not being used to monitor critical limits.;Food Safety Management,"Operator of a food premises has developed, maintained, and follows written food handling procedures to ensure that a health hazard does not occur.;Food Safety Management"
0eubZ0000000WCgQAM,Test strips are not available to monitor sanitizer level.,Food Safety Management,Boolean,Non-critical,,0eubZ0000000WBGQA2,Operator of a food premises has approved written procedures to ensure the safe and sanitary operation of the establishment.,PHOCSAssessmentIndicatorDefinition,Chandrahas Bireddy,Test strips are not available to monitor sanitizer level.;Food Safety Management,Operator of a food premises has approved written procedures to ensure the safe and sanitary operation of the establishment.;Food Safety Management
0eubZ0000000WCjQAM,Procedures in the sanitation plan are not being followed.,Food Safety Management,Boolean,Non-critical,,0eubZ0000000WBGQA2,Operator of a food premises has approved written procedures to ensure the safe and sanitary operation of the establishment.,PHOCSAssessmentIndicatorDefinition,Chandrahas Bireddy,Procedures in the sanitation plan are not being followed.;Food Safety Management,Operator of a food premises has approved written procedures to ensure the safe and sanitary operation of the establishment.;Food Safety Management
0eubZ0000000WCiQAM,Sanitation plan is not developed and/or approved by a health officer.,Food Safety Management,Boolean,Non-critical,,0eubZ0000000WBGQA2,Operator of a food premises has approved written procedures to ensure the safe and sanitary operation of the establishment.,PHOCSAssessmentIndicatorDefinition,Chandrahas Bireddy,Sanitation plan is not developed and/or approved by a health officer.;Food Safety Management,Operator of a food premises has approved written procedures to ensure the safe and sanitary operation of the establishment.;Food Safety Management
0eubZ0000000WChQAM,Sanitizer levels are not being monitored and recorded.,Food Safety Management,Boolean,Non-critical,,0eubZ0000000WBGQA2,Operator of a food premises has approved written procedures to ensure the safe and sanitary operation of the establishment.,PHOCSAssessmentIndicatorDefinition,Chandrahas Bireddy,Sanitizer levels are not being monitored and recorded.;Food Safety Management,Operator of a food premises has approved written procedures to ensure the safe and sanitary operation of the establishment.;Food Safety Management
0eubZ0000000WCkQAM,Live animals are on the premises.,Miscellaneous,Boolean,Non-critical,,0eubZ0000000WBHQA2,Live animals are not allowed on the premises unless permitted under 25(2) of the FPR,PHOCSAssessmentIndicatorDefinition,Chandrahas Bireddy,Live animals are on the premises.;Miscellaneous,Live animals are not allowed on the premises unless permitted under 25(2) of the FPR;Miscellaneous
0eubZ0000000WClQAM,Premises has signs of insect activity.,Miscellaneous,Boolean,Non-critical,,0eubZ0000000WBIQA2,The premises is free of pests.,PHOCSAssessmentIndicatorDefinition,Chandrahas Bireddy,Premises has signs of insect activity.;Miscellaneous,The premises is free of pests.;Miscellaneous
0eubZ0000000WCmQAM,Premises has signs of rodent activity.,Miscellaneous,Boolean,Non-critical,,0eubZ0000000WBIQA2,The premises is free of pests.,PHOCSAssessmentIndicatorDefinition,Chandrahas Bireddy,Premises has signs of rodent activity.;Miscellaneous,The premises is free of pests.;Miscellaneous
0eubZ0000000WCoQAM,Premises not protected against entry of pests.,Miscellaneous,Boolean,Non-critical,,0eubZ0000000WBJQA2,"The premises is free of conditions that lead to harbouring, breeding and entry of pests.",PHOCSAssessmentIndicatorDefinition,Chandrahas Bireddy,Premises not protected against entry of pests.;Miscellaneous,"The premises is free of conditions that lead to harbouring, breeding and entry of pests.;Miscellaneous"
0eubZ0000000WCnQAM,Conditions present that may lead to harbouring or breeding of pests.,Miscellaneous,Boolean,Non-critical,,0eubZ0000000WBJQA2,"The premises is free of conditions that lead to harbouring, breeding and entry of pests.",PHOCSAssessmentIndicatorDefinition,Chandrahas Bireddy,Conditions present that may lead to harbouring or breeding of pests.;Miscellaneous,"The premises is free of conditions that lead to harbouring, breeding and entry of pests.;Miscellaneous"
0eubZ0000000WCpQAM,Non-food containers are not clearly labelled to identify contents.,Miscellaneous,Boolean,Non-critical,,0eubZ0000000WBKQA2,"Chemicals, cleansers and similar agents are kept separate from food.",PHOCSAssessmentIndicatorDefinition,Chandrahas Bireddy,Non-food containers are not clearly labelled to identify contents.;Miscellaneous,"Chemicals, cleansers and similar agents are kept separate from food.;Miscellaneous"
0eubZ0000000WCqQAM,"Chemicals, cleansers and similar agents are not stored separately from food.",Miscellaneous,Boolean,Non-critical,,0eubZ0000000WBKQA2,"Chemicals, cleansers and similar agents are kept separate from food.",PHOCSAssessmentIndicatorDefinition,Chandrahas Bireddy,"Chemicals, cleansers and similar agents are not stored separately from food.;Miscellaneous","Chemicals, cleansers and similar agents are kept separate from food.;Miscellaneous"
0eubZ0000000WCrQAM,No employee present holds a valid FOODSAFE or equivalent certificate while the Owner/Operator is absent.,Training,Boolean,Non-critical,,0eubZ0000000WBLQA2,The operator and/or food handler onsite holds a valid FOODSAFE Level 1 certificate or equivalent.,PHOCSAssessmentIndicatorDefinition,Chandrahas Bireddy,No employee present holds a valid FOODSAFE or equivalent certificate while the Owner/Operator is absent.;Training,The operator and/or food handler onsite holds a valid FOODSAFE Level 1 certificate or equivalent.;Training
0eubZ0000000WCsQAM,The operator and/or the employee does not hold a valid Foodsafe or equivalent certificate onsite.,Temporary Food Service and Inspection Report,Boolean,Non-critical,,0eubZ0000000WBLQA2,The operator and/or food handler onsite holds a valid FOODSAFE Level 1 certificate or equivalent.,PHOCSAssessmentIndicatorDefinition,Chandrahas Bireddy,The operator and/or the employee does not hold a valid Foodsafe or equivalent certificate onsite.;Temporary Food Service and Inspection Report,The operator and/or food handler onsite holds a valid FOODSAFE Level 1 certificate or equivalent.;Training
0eubZ0000000WCtQAM,Owner/Operator does not hold a valid FOODSAFE or equivalent certificate.,Training,Boolean,Non-critical,,0eubZ0000000WBLQA2,The operator and/or food handler onsite holds a valid FOODSAFE Level 1 certificate or equivalent.,PHOCSAssessmentIndicatorDefinition,Chandrahas Bireddy,Owner/Operator does not hold a valid FOODSAFE or equivalent certificate.;Training,The operator and/or food handler onsite holds a valid FOODSAFE Level 1 certificate or equivalent.;Training
0eubZ0000000WCuQAM,Previously served food is served to another customer.,Previously Served Food,Boolean,Non-critical,,0eubZ0000000WBMQA2,Previously served food is not being served.,PHOCSAssessmentIndicatorDefinition,Chandrahas Bireddy,Previously served food is served to another customer.;Previously Served Food,Previously served food is not being served.;Previously Served Food
0eubZ0000000WCxQAM,Potable hot and cold running water is not in quantity or pressure to meet operational demands.,Temporary Food Service and Inspection Report,Boolean,Non-critical,,0eubZ0000000WBNQA2,Operation of premises is in accordance with approved specifications.,PHOCSAssessmentIndicatorDefinition,Chandrahas Bireddy,Potable hot and cold running water is not in quantity or pressure to meet operational demands.;Temporary Food Service and Inspection Report,Operation of premises is in accordance with approved specifications.;Temporary Food Service and Inspection Report
0eubZ0000000WCvQAM,Power is not supplied in a manner that meets the needs of the temporary booth.,Temporary Food Service and Inspection Report,Boolean,Non-critical,,0eubZ0000000WBNQA2,Operation of premises is in accordance with approved specifications.,PHOCSAssessmentIndicatorDefinition,Chandrahas Bireddy,Power is not supplied in a manner that meets the needs of the temporary booth.;Temporary Food Service and Inspection Report,Operation of premises is in accordance with approved specifications.;Temporary Food Service and Inspection Report
0eubZ0000000WCwQAM,Temporary booth is not set up or constructed to ensure the safe and sanitary handling of food.,Temporary Food Service and Inspection Report,Boolean,Non-critical,,0eubZ0000000WBNQA2,Operation of premises is in accordance with approved specifications.,PHOCSAssessmentIndicatorDefinition,Chandrahas Bireddy,Temporary booth is not set up or constructed to ensure the safe and sanitary handling of food.;Temporary Food Service and Inspection Report,Operation of premises is in accordance with approved specifications.;Temporary Food Service and Inspection Report
0eubZ0000000WCyQAM,The operator cannot provide evidence to support that food is from an approved source.,Temporary Food Service and Inspection Report,Boolean,Non-critical,,0eubZ0000000WBPQA2,All food on the premises is obtained from an approved source.,PHOCSAssessmentIndicatorDefinition,Chandrahas Bireddy,The operator cannot provide evidence to support that food is from an approved source.;Temporary Food Service and Inspection Report,All food on the premises is obtained from an approved source.;Temporary Food Service and Inspection Report
0eubZ0000000WCzQAM,"Food is not protected from contamination during transportation, display, storage, or preparation.",Temporary Food Service and Inspection Report,Boolean,Non-critical,,0eubZ0000000WBQQA2,Food is handled in a sanitary manner and is not contaminated.,PHOCSAssessmentIndicatorDefinition,Chandrahas Bireddy,"Food is not protected from contamination during transportation, display, storage, or preparation.;Temporary Food Service and Inspection Report",Food is handled in a sanitary manner and is not contaminated.;Temporary Food Service and Inspection Report
0eubZ0000000WD0QAM,Potentially hazardous food is not thawed using appropriate equipment and/or approved methods.,Temporary Food Service and Inspection Report,Boolean,Non-critical,,0eubZ0000000WBRQA2,Potentially hazardous food is thawed in a manner that makes it safe to eat.,PHOCSAssessmentIndicatorDefinition,Chandrahas Bireddy,Potentially hazardous food is not thawed using appropriate equipment and/or approved methods.;Temporary Food Service and Inspection Report,Potentially hazardous food is thawed in a manner that makes it safe to eat.;Temporary Food Service and Inspection Report
0eubZ0000000WD5QAM,"Hot PHF is not stored, displayed, transported, or served at or above 60°C.",Temporary Food Service and Inspection Report,Boolean,Non-critical,,0eubZ0000000WBSQA2,Potentially hazardous food (PHF) is prepared and stored in a manner that makes it safe to eat.,PHOCSAssessmentIndicatorDefinition,Chandrahas Bireddy,"Hot PHF is not stored, displayed, transported, or served at or above 60°C.;Temporary Food Service and Inspection Report",Potentially hazardous food (PHF) is prepared and stored in a manner that makes it safe to eat.;Temporary Food Service and Inspection Report
0eubZ0000000WD4QAM,"Cold PHF is not stored, displayed, transported, or served. at a temperature of 4°C or below.",Temporary Food Service and Inspection Report,Boolean,Non-critical,,0eubZ0000000WBSQA2,Potentially hazardous food (PHF) is prepared and stored in a manner that makes it safe to eat.,PHOCSAssessmentIndicatorDefinition,Chandrahas Bireddy,"Cold PHF is not stored, displayed, transported, or served. at a temperature of 4°C or below.;Temporary Food Service and Inspection Report",Potentially hazardous food (PHF) is prepared and stored in a manner that makes it safe to eat.;Temporary Food Service and Inspection Report
0eubZ0000000WD3QAM,PHF is not reheated rapidly to 74°C only once.,Temporary Food Service and Inspection Report,Boolean,Non-critical,,0eubZ0000000WBSQA2,Potentially hazardous food (PHF) is prepared and stored in a manner that makes it safe to eat.,PHOCSAssessmentIndicatorDefinition,Chandrahas Bireddy,PHF is not reheated rapidly to 74°C only once.;Temporary Food Service and Inspection Report,Potentially hazardous food (PHF) is prepared and stored in a manner that makes it safe to eat.;Temporary Food Service and Inspection Report
0eubZ0000000WD1QAM,An accurate thermometer is not provided.,Temporary Food Service and Inspection Report,Boolean,Non-critical,,0eubZ0000000WBSQA2,Potentially hazardous food (PHF) is prepared and stored in a manner that makes it safe to eat.,PHOCSAssessmentIndicatorDefinition,Chandrahas Bireddy,An accurate thermometer is not provided.;Temporary Food Service and Inspection Report,Potentially hazardous food (PHF) is prepared and stored in a manner that makes it safe to eat.;Temporary Food Service and Inspection Report
0eubZ0000000WD2QAM,PHF is not cooked thoroughly and to appropriate internal temperature.,Temporary Food Service and Inspection Report,Boolean,Non-critical,,0eubZ0000000WBSQA2,Potentially hazardous food (PHF) is prepared and stored in a manner that makes it safe to eat.,PHOCSAssessmentIndicatorDefinition,Chandrahas Bireddy,PHF is not cooked thoroughly and to appropriate internal temperature.;Temporary Food Service and Inspection Report,Potentially hazardous food (PHF) is prepared and stored in a manner that makes it safe to eat.;Temporary Food Service and Inspection Report
0eubZ0000000WD7QAM,PHF is not thawed using appropriate equipment and/or methods.,Temporary Food Service and Inspection Report,Boolean,Non-critical,,0eubZ0000000WBSQA2,Potentially hazardous food (PHF) is prepared and stored in a manner that makes it safe to eat.,PHOCSAssessmentIndicatorDefinition,Chandrahas Bireddy,PHF is not thawed using appropriate equipment and/or methods.;Temporary Food Service and Inspection Report,Potentially hazardous food (PHF) is prepared and stored in a manner that makes it safe to eat.;Temporary Food Service and Inspection Report
0eubZ0000000WD6QAM,Cold storage and/or hot holding equipment is not of the type or capacity to meet operational demands.,Temporary Food Service and Inspection Report,Boolean,Non-critical,,0eubZ0000000WBSQA2,Potentially hazardous food (PHF) is prepared and stored in a manner that makes it safe to eat.,PHOCSAssessmentIndicatorDefinition,Chandrahas Bireddy,Cold storage and/or hot holding equipment is not of the type or capacity to meet operational demands.;Temporary Food Service and Inspection Report,Potentially hazardous food (PHF) is prepared and stored in a manner that makes it safe to eat.;Temporary Food Service and Inspection Report
0eubZ0000000WDAQA2,Sanitizing solution is not present or at sufficient concentration.,Temporary Food Service and Inspection Report,Boolean,Non-critical,,0eubZ0000000WBTQA2,All equipment and food contact surfaces are washed and sanitized to remove contamination.,PHOCSAssessmentIndicatorDefinition,Chandrahas Bireddy,Sanitizing solution is not present or at sufficient concentration.;Temporary Food Service and Inspection Report,All equipment and food contact surfaces are washed and sanitized to remove contamination.;Temporary Food Service and Inspection Report
0eubZ0000000WD9QAM,"Wiping cloths are not clean, restricted in use and/or in approved sanitizing solution.",Temporary Food Service and Inspection Report,Boolean,Non-critical,,0eubZ0000000WBTQA2,All equipment and food contact surfaces are washed and sanitized to remove contamination.,PHOCSAssessmentIndicatorDefinition,Chandrahas Bireddy,"Wiping cloths are not clean, restricted in use and/or in approved sanitizing solution.;Temporary Food Service and Inspection Report",All equipment and food contact surfaces are washed and sanitized to remove contamination.;Temporary Food Service and Inspection Report
0eubZ0000000WD8QAM,"Equipment, utensils, and food contact surfaces are not maintained in a sanitary condition.",Temporary Food Service and Inspection Report,Boolean,Non-critical,,0eubZ0000000WBTQA2,All equipment and food contact surfaces are washed and sanitized to remove contamination.,PHOCSAssessmentIndicatorDefinition,Chandrahas Bireddy,"Equipment, utensils, and food contact surfaces are not maintained in a sanitary condition.;Temporary Food Service and Inspection Report",All equipment and food contact surfaces are washed and sanitized to remove contamination.;Temporary Food Service and Inspection Report
0eubZ0000000WDCQA2,"Handwashing stations are not properly supplied, maintained and/or is obstructed.",Temporary Food Service and Inspection Report,Boolean,Non-critical,,0eubZ0000000WBUQA2,Each employee washes their hands as necessary to prevent the contamination of food.,PHOCSAssessmentIndicatorDefinition,Chandrahas Bireddy,"Handwashing stations are not properly supplied, maintained and/or is obstructed.;Temporary Food Service and Inspection Report",Each employee washes their hands as necessary to prevent the contamination of food.;Temporary Food Service and Inspection Report
0eubZ0000000WDBQA2,Employees are not washing hands as often as is necessary to prevent contamination of food.,Temporary Food Service and Inspection Report,Boolean,Non-critical,,0eubZ0000000WBUQA2,Each employee washes their hands as necessary to prevent the contamination of food.,PHOCSAssessmentIndicatorDefinition,Chandrahas Bireddy,Employees are not washing hands as often as is necessary to prevent contamination of food.;Temporary Food Service and Inspection Report,Each employee washes their hands as necessary to prevent the contamination of food.;Temporary Food Service and Inspection Report
0eubZ0000000WBhQAM,Premises does not have approval to operate.,Approvals and Permits,Boolean,Non-critical,,0eubZ0000000WBVQA2,Approval has been granted to the food premises.,PHOCSAssessmentIndicatorDefinition,Chandrahas Bireddy,Premises does not have approval to operate.;Approvals and Permits,Approval has been granted to the food premises.;Approvals and Permits
0eubZ0000000WBjQAM,Potentially hazardous food is not stored or displayed at 60°C or above.,Food Sources and Protection,Boolean,Non-critical,,0eubZ0000000WBWQA2,Potentially hazardous food is at a hot holding temperature that keeps it safe to eat.,PHOCSAssessmentIndicatorDefinition,Chandrahas Bireddy,Potentially hazardous food is not stored or displayed at 60°C or above.;Food Sources and Protection,Potentially hazardous food is at a hot holding temperature that keeps it safe to eat.;Food Sources and Protection
0eubZ0000000WBiQAM,Hot holding equipment is not of the type or capacity to meet the needs of the premises.,Food Sources and Protection,Boolean,Non-critical,,0eubZ0000000WBWQA2,Potentially hazardous food is at a hot holding temperature that keeps it safe to eat.,PHOCSAssessmentIndicatorDefinition,Chandrahas Bireddy,Hot holding equipment is not of the type or capacity to meet the needs of the premises.;Food Sources and Protection,Potentially hazardous food is at a hot holding temperature that keeps it safe to eat.;Food Sources and Protection
0eubZ0000000WBlQAM,"Potentially hazardous food is not stored, displayed or transported at a temperature of 4°C or below.",Food Sources and Protection,Boolean,Non-critical,,0eubZ0000000WBXQA2,Potentially hazardous food is at a refrigerated temperature that keeps it safe to eat.,PHOCSAssessmentIndicatorDefinition,Chandrahas Bireddy,"Potentially hazardous food is not stored, displayed or transported at a temperature of 4°C or below.;Food Sources and Protection",Potentially hazardous food is at a refrigerated temperature that keeps it safe to eat.;Food Sources and Protection
0eubZ0000000WBkQAM,"Frozen food is not stored, displayed or transported at a temperature of -18°C or below.",Food Sources and Protection,Boolean,Non-critical,,0eubZ0000000WBXQA2,Potentially hazardous food is at a refrigerated temperature that keeps it safe to eat.,PHOCSAssessmentIndicatorDefinition,Chandrahas Bireddy,"Frozen food is not stored, displayed or transported at a temperature of -18°C or below.;Food Sources and Protection",Potentially hazardous food is at a refrigerated temperature that keeps it safe to eat.;Food Sources and Protection
0eubZ0000000WBmQAM,Potentially hazardous food is not thawed using appropriate equipment and/or approved methods.,Food Sources and Protection,Boolean,Non-critical,,0eubZ0000000WBYQA2,Potentially hazardous food is thawed and/or cooled in an approved manner.,PHOCSAssessmentIndicatorDefinition,Chandrahas Bireddy,Potentially hazardous food is not thawed using appropriate equipment and/or approved methods.;Food Sources and Protection,Potentially hazardous food is thawed and/or cooled in an approved manner.;Food Sources and Protection
0eubZ0000000WBoQAM,Premises is not connected to a source of potable water.,Construction of Food Premises,Boolean,Non-critical,,0eubZ0000000WBZQA2,Operation and maintenance of premises is in accordance with the approved floor plans and specifications.,PHOCSAssessmentIndicatorDefinition,Chandrahas Bireddy,Premises is not connected to a source of potable water.;Construction of Food Premises,Operation and maintenance of premises is in accordance with the approved floor plans and specifications.;Construction of Food Premises
0eubZ0000000WBtQAM,Premises is not separate from incompatible areas.,Construction of Food Premises,Boolean,Non-critical,,0eubZ0000000WBZQA2,Operation and maintenance of premises is in accordance with the approved floor plans and specifications.,PHOCSAssessmentIndicatorDefinition,Chandrahas Bireddy,Premises is not separate from incompatible areas.;Construction of Food Premises,Operation and maintenance of premises is in accordance with the approved floor plans and specifications.;Construction of Food Premises
0eubZ0000000WBsQAM,Premises is not designed and/or supplied with equipment that will ensure the safe and sanitary handling of food.,Construction of Food Premises,Boolean,Non-critical,,0eubZ0000000WBZQA2,Operation and maintenance of premises is in accordance with the approved floor plans and specifications.,PHOCSAssessmentIndicatorDefinition,Chandrahas Bireddy,Premises is not designed and/or supplied with equipment that will ensure the safe and sanitary handling of food.;Construction of Food Premises,Operation and maintenance of premises is in accordance with the approved floor plans and specifications.;Construction of Food Premises
0eubZ0000000WBrQAM,Inadequate lighting and/or ventilation on the premises.,Construction of Food Premises,Boolean,Non-critical,,0eubZ0000000WBZQA2,Operation and maintenance of premises is in accordance with the approved floor plans and specifications.,PHOCSAssessmentIndicatorDefinition,Chandrahas Bireddy,Inadequate lighting and/or ventilation on the premises.;Construction of Food Premises,Operation and maintenance of premises is in accordance with the approved floor plans and specifications.;Construction of Food Premises
0eubZ0000000WBqQAM,Construction or alteration has occurred without approval.,Construction of Food Premises,Boolean,Non-critical,,0eubZ0000000WBZQA2,Operation and maintenance of premises is in accordance with the approved floor plans and specifications.,PHOCSAssessmentIndicatorDefinition,Chandrahas Bireddy,Construction or alteration has occurred without approval.;Construction of Food Premises,Operation and maintenance of premises is in accordance with the approved floor plans and specifications.;Construction of Food Premises
0eubZ0000000WBpQAM,Premises is not connected to an approved or permitted waste-water disposal system.,Construction of Food Premises,Boolean,Non-critical,,0eubZ0000000WBZQA2,Operation and maintenance of premises is in accordance with the approved floor plans and specifications.,PHOCSAssessmentIndicatorDefinition,Chandrahas Bireddy,Premises is not connected to an approved or permitted waste-water disposal system.;Construction of Food Premises,Operation and maintenance of premises is in accordance with the approved floor plans and specifications.;Construction of Food Premises
0eubZ0000000WBnQAM,Premises is not of sound construction and/or in good repair.,Construction of Food Premises,Boolean,Non-critical,,0eubZ0000000WBZQA2,Operation and maintenance of premises is in accordance with the approved floor plans and specifications.,PHOCSAssessmentIndicatorDefinition,Chandrahas Bireddy,Premises is not of sound construction and/or in good repair.;Construction of Food Premises,Operation and maintenance of premises is in accordance with the approved floor plans and specifications.;Construction of Food Premises
0eubZ0000000WBgQAM,The operator cannot provide evidence to support that food is from an approved source.,Food Sources and Protection,Boolean,Non-critical,,0eubZ0000000WBaQAM,Food on the premises is obtained from an approved source.,PHOCSAssessmentIndicatorDefinition,Chandrahas Bireddy,The operator cannot provide evidence to support that food is from an approved source.;Food Sources and Protection,Food on the premises is obtained from an approved source.;Food Sources and Protection
0eubZ0000000WBvQAM,Improper fermentation of food.,Food Sources and Protection,Boolean,Non-critical,,0eubZ0000000WBbQAM,Potentially hazardous food is cooked/processed in an approved manner.,PHOCSAssessmentIndicatorDefinition,Chandrahas Bireddy,Improper fermentation of food.;Food Sources and Protection,Potentially hazardous food is cooked/processed in an approved manner.;Food Sources and Protection
0eubZ0000000WBuQAM,Improper curing/smoking of food.,Food Sources and Protection,Boolean,Non-critical,,0eubZ0000000WBbQAM,Potentially hazardous food is cooked/processed in an approved manner.,PHOCSAssessmentIndicatorDefinition,Chandrahas Bireddy,Improper curing/smoking of food.;Food Sources and Protection,Potentially hazardous food is cooked/processed in an approved manner.;Food Sources and Protection
0eubZ0000000WBxQAM,Improper canning of food.,Food Sources and Protection,Boolean,Non-critical,,0eubZ0000000WBbQAM,Potentially hazardous food is cooked/processed in an approved manner.,PHOCSAssessmentIndicatorDefinition,Chandrahas Bireddy,Improper canning of food.;Food Sources and Protection,Potentially hazardous food is cooked/processed in an approved manner.;Food Sources and Protection
0eubZ0000000WByQAM,Potentially hazardous food is not cooked thoroughly and to appropriate internal temperature.,Food Sources and Protection,Boolean,Non-critical,,0eubZ0000000WBbQAM,Potentially hazardous food is cooked/processed in an approved manner.,PHOCSAssessmentIndicatorDefinition,Chandrahas Bireddy,Potentially hazardous food is not cooked thoroughly and to appropriate internal temperature.;Food Sources and Protection,Potentially hazardous food is cooked/processed in an approved manner.;Food Sources and Protection
0eubZ0000000WBzQAM,Potentially hazardous food is not reheated rapidly to 74°C.,Food Sources and Protection,Boolean,Non-critical,,0eubZ0000000WBbQAM,Potentially hazardous food is cooked/processed in an approved manner.,PHOCSAssessmentIndicatorDefinition,Chandrahas Bireddy,Potentially hazardous food is not reheated rapidly to 74°C.;Food Sources and Protection,Potentially hazardous food is cooked/processed in an approved manner.;Food Sources and Protection
0eubZ0000000WBwQAM,Inadequate acidification of food.,Food Sources and Protection,Boolean,Non-critical,,0eubZ0000000WBbQAM,Potentially hazardous food is cooked/processed in an approved manner.,PHOCSAssessmentIndicatorDefinition,Chandrahas Bireddy,Inadequate acidification of food.;Food Sources and Protection,Potentially hazardous food is cooked/processed in an approved manner.;Food Sources and Protection
0eubZ0000000WC3QAM,Food is unfit for human consumption.,Food Sources and Protection,Boolean,Non-critical,,0eubZ0000000WBcQAM,"Contaminated food is not stored, displayed or offered for sale.",PHOCSAssessmentIndicatorDefinition,Chandrahas Bireddy,Food is unfit for human consumption.;Food Sources and Protection,"Contaminated food is not stored, displayed or offered for sale.;Food Sources and Protection"
0eubZ0000000WC0QAM,Water or ice is from a contaminated source.,Food Sources and Protection,Boolean,Non-critical,,0eubZ0000000WBcQAM,"Contaminated food is not stored, displayed or offered for sale.",PHOCSAssessmentIndicatorDefinition,Chandrahas Bireddy,Water or ice is from a contaminated source.;Food Sources and Protection,"Contaminated food is not stored, displayed or offered for sale.;Food Sources and Protection"
0eubZ0000000WC1QAM,Eggs are cracked or unclean.,Food Sources and Protection,Boolean,Non-critical,,0eubZ0000000WBcQAM,"Contaminated food is not stored, displayed or offered for sale.",PHOCSAssessmentIndicatorDefinition,Chandrahas Bireddy,Eggs are cracked or unclean.;Food Sources and Protection,"Contaminated food is not stored, displayed or offered for sale.;Food Sources and Protection"
0eubZ0000000WC2QAM,Canned goods are in unsatisfactory condition.,Food Sources and Protection,Boolean,Non-critical,,0eubZ0000000WBcQAM,"Contaminated food is not stored, displayed or offered for sale.",PHOCSAssessmentIndicatorDefinition,Chandrahas Bireddy,Canned goods are in unsatisfactory condition.;Food Sources and Protection,"Contaminated food is not stored, displayed or offered for sale.;Food Sources and Protection"
0eubZ0000000WC4QAM,Unpasteurized milk or milk products on the premises.,Food Sources and Protection,Boolean,Non-critical,,0eubZ0000000WBcQAM,"Contaminated food is not stored, displayed or offered for sale.",PHOCSAssessmentIndicatorDefinition,Chandrahas Bireddy,Unpasteurized milk or milk products on the premises.;Food Sources and Protection,"Contaminated food is not stored, displayed or offered for sale.;Food Sources and Protection"
0eubZ0000000WC9QAM,Food is not properly covered and protected from contamination.,Food Sources and Protection,Boolean,Non-critical,,0eubZ0000000WBdQAM,Food is kept in a sanitary manner and is not subject to contamination.,PHOCSAssessmentIndicatorDefinition,Chandrahas Bireddy,Food is not properly covered and protected from contamination.;Food Sources and Protection,Food is kept in a sanitary manner and is not subject to contamination.;Food Sources and Protection
0eubZ0000000WC5QAM,Food is stored in a manner that increases risk of cross contamination.,Food Sources and Protection,Boolean,Non-critical,,0eubZ0000000WBdQAM,Food is kept in a sanitary manner and is not subject to contamination.,PHOCSAssessmentIndicatorDefinition,Chandrahas Bireddy,Food is stored in a manner that increases risk of cross contamination.;Food Sources and Protection,Food is kept in a sanitary manner and is not subject to contamination.;Food Sources and Protection
0eubZ0000000WC6QAM,Food is not protected from customer contamination. (e.g. sneeze guards).,Food Sources and Protection,Boolean,Non-critical,,0eubZ0000000WBdQAM,Food is kept in a sanitary manner and is not subject to contamination.,PHOCSAssessmentIndicatorDefinition,Chandrahas Bireddy,Food is not protected from customer contamination. (e.g. sneeze guards).;Food Sources and Protection,Food is kept in a sanitary manner and is not subject to contamination.;Food Sources and Protection
0eubZ0000000WC7QAM,Food is in contact with corrosive or toxic materials.,Food Sources and Protection,Boolean,Non-critical,,0eubZ0000000WBdQAM,Food is kept in a sanitary manner and is not subject to contamination.,PHOCSAssessmentIndicatorDefinition,Chandrahas Bireddy,Food is in contact with corrosive or toxic materials.;Food Sources and Protection,Food is kept in a sanitary manner and is not subject to contamination.;Food Sources and Protection
0eubZ0000000WC8QAM,"Food is not protected from contamination during transportation, display, storage or preparation.",Food Sources and Protection,Boolean,Non-critical,,0eubZ0000000WBdQAM,Food is kept in a sanitary manner and is not subject to contamination.,PHOCSAssessmentIndicatorDefinition,Chandrahas Bireddy,"Food is not protected from contamination during transportation, display, storage or preparation.;Food Sources and Protection",Food is kept in a sanitary manner and is not subject to contamination.;Food Sources and Protection
0eubZ0000000WCAQA2,Food is in contact with un-sanitized surfaces or utensils.,Food Sources and Protection,Boolean,Non-critical,,0eubZ0000000WBdQAM,Food is kept in a sanitary manner and is not subject to contamination.,PHOCSAssessmentIndicatorDefinition,Chandrahas Bireddy,Food is in contact with un-sanitized surfaces or utensils.;Food Sources and Protection,Food is kept in a sanitary manner and is not subject to contamination.;Food Sources and Protection
0eubZ0000000WCCQA2,Permit to Operate is not posted in a conspicuous location.,Permit to Operate Food Service Establishment,Boolean,Non-critical,,0eubZ0000000WBeQAM,The Permit to Operate a food service establishment is valid and is posted in a conspicuous location.,PHOCSAssessmentIndicatorDefinition,Chandrahas Bireddy,Permit to Operate is not posted in a conspicuous location.;Permit to Operate Food Service Establishment,The Permit to Operate a food service establishment is valid and is posted in a conspicuous location.;Permit to Operate Food Service Establishment
0eubZ0000000WCBQA2,Premises does not have a valid Permit to Operate.,Permit to Operate Food Service Establishment,Boolean,Non-critical,,0eubZ0000000WBeQAM,The Permit to Operate a food service establishment is valid and is posted in a conspicuous location.,PHOCSAssessmentIndicatorDefinition,Chandrahas Bireddy,Premises does not have a valid Permit to Operate.;Permit to Operate Food Service Establishment,The Permit to Operate a food service establishment is valid and is posted in a conspicuous location.;Permit to Operate Food Service Establishment
0eubZ0000000WCDQA2,Operator is not operating in accordance with the terms and conditions of their permit.,Permit to Operate Food Service Establishment,Boolean,Non-critical,,0eubZ0000000WBeQAM,The Permit to Operate a food service establishment is valid and is posted in a conspicuous location.,PHOCSAssessmentIndicatorDefinition,Chandrahas Bireddy,Operator is not operating in accordance with the terms and conditions of their permit.;Permit to Operate Food Service Establishment,The Permit to Operate a food service establishment is valid and is posted in a conspicuous location.;Permit to Operate Food Service Establishment
0eubZ0000000WCFQA2,The premises is not maintained in a sanitary condition.,"Equipment, Utensils and Cleaning",Boolean,Non-critical,,0eubZ0000000WBfQAM,"The premises and equipment, utensils, and food contact surfaces are maintained in good condition and used in a manner that ensures safe and sanitary food handling.",PHOCSAssessmentIndicatorDefinition,Chandrahas Bireddy,"The premises is not maintained in a sanitary condition.;Equipment, Utensils and Cleaning","The premises and equipment, utensils, and food contact surfaces are maintained in good condition and used in a manner that ensures safe and sanitary food handling.;Equipment, Utensils and Cleaning"
0eubZ0000000WCGQA2,Equipment or materials not required for the operation are stored on the premises.,"Equipment, Utensils and Cleaning",Boolean,Non-critical,,0eubZ0000000WBfQAM,"The premises and equipment, utensils, and food contact surfaces are maintained in good condition and used in a manner that ensures safe and sanitary food handling.",PHOCSAssessmentIndicatorDefinition,Chandrahas Bireddy,"Equipment or materials not required for the operation are stored on the premises.;Equipment, Utensils and Cleaning","The premises and equipment, utensils, and food contact surfaces are maintained in good condition and used in a manner that ensures safe and sanitary food handling.;Equipment, Utensils and Cleaning"
0eubZ0000000WCEQA2,"Equipment, utensils and/or food contact surfaces are not maintained/used in a manner that ensures safe and sanitary food handling.","Equipment, Utensils and Cleaning",Boolean,Non-critical,,0eubZ0000000WBfQAM,"The premises and equipment, utensils, and food contact surfaces are maintained in good condition and used in a manner that ensures safe and sanitary food handling.",PHOCSAssessmentIndicatorDefinition,Chandrahas Bireddy,"Equipment, utensils and/or food contact surfaces are not maintained/used in a manner that ensures safe and sanitary food handling.;Equipment, Utensils and Cleaning","The premises and equipment, utensils, and food contact surfaces are maintained in good condition and used in a manner that ensures safe and sanitary food handling.;Equipment, Utensils and Cleaning"
